weekday;inscription;name;address
DOMINGO;10308;VILA FORMOSA DOMINGO;AV TRUMAIN, S/N,VL FORMOSA,SÃO PAULO
DOMINGO;10316;VILA CARRAO DOMINGO;RUA COMEN GIL PINHEIRO, 325,VL CALIFORNIA,SÃO PAULO
DOMINGO;10499;VILA RICA DOMINGO;RUA PROF ALZIRA DE O GILIOLI, 1817,VL RICA,SÃO PAULO
DOMINGO;10553;VILA SANTA IZABEL DOMINGO;RUA LUIS PINTO, S/N,VL CARRAO,SÃO PAULO
TERÇA-FEIRA;30414;SANTA GERTRUDES TERÇA-FEIRA;RUA SANTA GERTRUDES, 575,TATUAPE,SÃO PAULO
TERÇA-FEIRA;30600;PARQUE MARIA LUIZA TERÇA-FEIRA;AV PROF CARLOS CALIOLLI, 130,PQ MARIA LUIZA,SÃO PAULO
TERÇA-FEIRA;30740;VILA NOVA YORK TERÇA-FEIRA;RUA MAL MARQUES PORTO, S/N,VL NOVA YORK,SÃO PAULO
TERÇA-FEIRA;34029;TIUBA TERÇA-FEIRA;RUA TIUBA,VL MANCHESTER,SÃO PAULO
QUARTA-FEIRA;40401;VILA NOVA MANCHESTER QUARTA-FEIRA;RUA SAO VALENTIM, 81,VL CARRAO,SÃO PAULO
QUARTA-FEIRA;40410;VILA FORMOSA QUARTA-FEIRA;RUA MARAGOJIPE, S/N,VL FORMOSA,SÃO PAULO
QUARTA-FEIRA;40576;ALFERES FRAZAO QUARTA-FEIRA;RUA DIAMANTE PRETO, 35,ARICANDUVA,SÃO PAULO
QUARTA-FEIRA;40592;VILA ANTONIETA QUARTA-FEIRA;RUA PETROBRAS, S/N,VL ANTONIETA,SÃO PAULO
QUARTA-FEIRA;41092;JARDIM RECORD QUARTA-FEIRA;AV DOS PEQUIS, 20,JD VL FORMOSA,SÃO PAULO
QUINTA-FEIRA;50334;VILA CARRAO QUINTA-FEIRA;RUA DENTISTA BARRETO, 516,VL CARRAO,SÃO PAULO
QUINTA-FEIRA;50342;VILA SANTA IZABEL QUINTA-FEIRA;RUA PIRAMBOIA, 463,VL STA IZABEL,SÃO PAULO
QUINTA-FEIRA;51101;CHACARA BELENZINHO QUINTA-FEIRA;PC PADRE AGENOR CARDIM, S/N,CHAC BELENZINHO,SÃO PAULO
QUINTA-FEIRA;51403;DEDO DE DEUS QUINTA-FEIRA;RUA ALFARO, S/N,VL RICA,SÃO PAULO
QUINTA-FEIRA;51861;CERET QUINTA-FEIRA;PC DO TRABALHADOR ( CERET ),VILA GOMES CARDIM,SÃO PAULO
SEXTA-FEIRA;60399;SAPOPEMBA SEXTA-FEIRA;RUA GRECCO, S/N,ALTO DA MOOCA,SÃO PAULO
SEXTA-FEIRA;60623;JARDIM ARICANDUVA SEXTA-FEIRA;AV ODILON PIRES, S/N,JD ARICANDUVA,SÃO PAULO
SEXTA-FEIRA;61085;JARDIM IVA SEXTA-FEIRA;RUA ROMILDO FINOZZI, 21,JD IVA,SÃO PAULO
SEXTA-FEIRA;61298;VILA MANCHESTER SEXTA-FEIRA;PC HAROLDO DALTRO, S/N,VL MANCHESTER,SÃO PAULO
SÁBADO;70300;SANTO ESTEVAO SÁBADO;RUA AREIAO, 51,TATUAPE,SÃO PAULO
SÁBADO;70394;VILA ARICANDUVA SÁBADO;RUA FRANCISCA DE PAULA, 278,VL CARRAO,SÃO PAULO
SÁBADO;70432;PRACA MANOEL ARIZA SÁBADO;AV ANTONIO MANOGRASSO, 234,VL FORMOSA,SÃO PAULO
SÁBADO;70599;JARDIM VILA FORMOSA SÁBADO;AV DOM AZEREDO COUTINHO, S/N,JD VL FORMOSA,SÃO PAULO
SÁBADO;70882;VILA CRUZEIRO SÁBADO;RUA MARIA FRANCISCA DO NASCIMENTO, 12,VL CRUZEIRO,SÃO PAULO
SÁBADO;71188;COHAB BARREIRA GRANDE SÁBADO;AV RUFINO FERNANDES INIVARRI, S/N,BARREIRA GRANDE,SÃO PAULO
SÁBADO;72729;AGUIAR DA BEIRA SÁBADO;RUA ANTONIO CALDEIRA,VILA ANTONIETA,SÃO PAULO
DOMINGO;10820;JARDIM ANGELA DOMINGO;RUA MARCELINO COELHO, S/N,JD ANGELA,SÃO PAULO
DOMINGO;10855;JARDIM SAO LUIZ DOMINGO;RUA ARRAIAL DOS COUROS,JD SAO LUIZ,SÃO PAULO
DOMINGO;10944;JARDIM CRIS DOMINGO;RUA ALBINO CORREA DE CAMPOS,VL REMO,SÃO PAULO
DOMINGO;11193;JARDIM RANIERI DOMINGO;RUA MANOEL DA COSTA DANTAS, 5786,JD RANIERI,SÃO PAULO
DOMINGO;11215;CORREGO DOS FREITAS DOMINGO;RUA MARIA BENEDITA RODRIGUES,PQ STO ANTONIO,SÃO PAULO
DOMINGO;11444;JARDIM DAS FLORES DOMINGO;AV INACIO DIAS DA SILVA, S/N,PIRAPORINHA,SÃO PAULO
DOMINGO;12564;CIDADE IPAVA DOMINGO;RUA IMBERE,CIDADE IPAVA,SÃO PAULO
TERÇA-FEIRA;30694;PARQUE SANTO ANTONIO TERÇA-FEIRA;RUA MARIA BENEDITA RODRIGUES, 10,PQ STO ANTONIO,SÃO PAULO
TERÇA-FEIRA;30872;PIRAPORINHA TERÇA-FEIRA;RUA ESTEVAM FERNANDES, S/N,PIRAPORINHA,SÃO PAULO
TERÇA-FEIRA;31011;JARDIM IBIRAPUERA TERÇA-FEIRA;RUA SALGUEIRO DO CAMPO, 110,JD IBIRAPUERA,SÃO PAULO
TERÇA-FEIRA;31062;ALTO DA RIVIEIRA TERÇA-FEIRA;RUA MONS JOAO PEDRO FUSENIG,JD STA GERTRUDES,SÃO PAULO
QUARTA-FEIRA;40819;JARDIM SAO LUIZ QUARTA-FEIRA;RUA ARRAIAL DOS COUROS,JD SAO LUIZ,SÃO PAULO
QUARTA-FEIRA;41408;PARQUE NOVO SANTO AMARO QUARTA-FEIRA;RUA ALBERTO BORGES SOVERAL, S/N,PQ NOVO STO AMARO,SÃO PAULO
QUINTA-FEIRA;50814;JARDIM VAZ DE LIMA QUINTA-FEIRA;RUA LUCA DE MARENZIO,JD VAZ DE LIMA,SÃO PAULO
QUINTA-FEIRA;50849;PARQUE FIGUEIRA GRANDE QUINTA-FEIRA;RUA BELCHIOR FELIX,PQ FIG GRANDE,SÃO PAULO
SEXTA-FEIRA;60810;VILA REMO SEXTA-FEIRA;RUA ITAPAROQUERA,VL REMO,SÃO PAULO
SEXTA-FEIRA;60933;ESTRADA DA MOENDA VELHA SEXTA-FEIRA;ES DA MOENDA VELHA,JD INDEPENDENCIA,SÃO PAULO
SEXTA-FEIRA;60984;VILA SANTA LUCIA SEXTA-FEIRA;RUA CARMELO CALI,VL STA LUCIA,SÃO PAULO
SÁBADO;70700;JARDIM VERGUEIRO SÁBADO;RUA ANTONIO VAZ, S/N,JD VERGUEIRO,SÃO PAULO
SÁBADO;70769;VILA DAS BELEZAS SÁBADO;RUA BERNARDINO ESTAZIONE,VL DAS BELEZAS,SÃO PAULO
SÁBADO;71110;JARDIM IMBE SÁBADO;RUA ERASMUS GRASSER,JD IMBE,SÃO PAULO
SÁBADO;72630;CDHU JARDIM SAO LUIZ-A SÁBADO;RUA ANDRE LENS, 00010,JARDIM SAO LUIZ,SÃO PAULO
SÁBADO;74004;SAO LUIS SÁBADO;RUA JOSE RODRIGUES MACIEL,SAO LUIS,SÃO PAULO
DOMINGO;10928;PARELHEIROS DOMINGO;PC PEDRO ROCHA, S/N,PARELHEIROS,SÃO PAULO
DOMINGO;12467;VILA VARGEM GRANDE II DOMINGO;RUA BEIJA FLOR,VILA VARGEM GRANDE,SÃO PAULO
DOMINGO;12629;JARDIM IPORA DOMINGO;RUA FORTE DO GUARA,PARELHEIROS,SÃO PAULO
TERÇA-FEIRA;31321;JARDIM DOS ALAMOS TERÇA-FEIRA;RUA HENRIQUE ROSCHEL CHRISTI, S/N,JD DOS ALAMOS,SÃO PAULO
QUARTA-FEIRA;41882;RECANTO CAMPO BELO QUARTA-FEIRA;RUA MARIA DA COSTA BEZERRA,PARELHEIROS,SÃO PAULO
QUINTA-FEIRA;51110;BARRO BRANCO QUINTA-FEIRA;RUA MARIO WILCHES, S/N,JD MARIA BORBA,SÃO PAULO
SÁBADO;72338;VILA VARGEM GRANDE I SÁBADO;RUA IPE ROXO,VILA VARGEM GRANDE,SÃO PAULO
SÁBADO;72486;BALNEARIO SAO JOSE SÁBADO;RUA VIRAPURU DO SERTAO,PARELHEIROS,SÃO PAULO
DOMINGO;10294;VILA MORSE DOMINGO;RUA IBIAPABA,VL SONIA,SÃO PAULO
DOMINGO;10480;SAO DOMINGOS DOMINGO;RUA JOSE JOAQUIM SEABRA,VL TIRADENTES,SÃO PAULO
DOMINGO;10740;JARDIM ARPOADOR DOMINGO;RUA ADERBAL STRESSER,JD ARPOADOR,SÃO PAULO
DOMINGO;11142;CONJ RESIDENCIAL DO BUTANTA DOMINGO;RUA LUIS ANTONIO MARTINS, S/N,BUTANTA,SÃO PAULO
DOMINGO;11290;RAPOSO TAVARES DOMINGO;RUA GABRIEL DE CARVALHO,JD BOA VISTA,SÃO PAULO
DOMINGO;11533;VILA REGINA DOMINGO;RUA EDWARD CARMILO, S/N,JD CELESTE,SÃO PAULO
DOMINGO;11932;COHAB RAPOSO TAVARES DOMINGO;RUA CACHOEIRA DO ARREPENDIMENTO, S/N,JD ARPOADOR,SÃO PAULO
TERÇA-FEIRA;30384;CAXINGUI TERÇA-FEIRA;PC ROBERTO GOMES PEDROSA,ESTADIO DO MORUMBI,SÃO PAULO
TERÇA-FEIRA;30392;JARDIM BONFIGLIOLI TERÇA-FEIRA;AV OCTACILIO TOMANIK,RIO PEQUENO,SÃO PAULO
TERÇA-FEIRA;31020;JARDIM PERI PERI TERÇA-FEIRA;RUA PLINIO SALGADO,BUTANTA,SÃO PAULO
TERÇA-FEIRA;31046;JARDIM JOAO XXIII TERÇA-FEIRA;AV VATICANO, 19,JD JOAO XXIII,SÃO PAULO
QUARTA-FEIRA;40126;BIBI QUARTA-FEIRA;PC ROBERTO GOMES PEDROSA, 520,ITAIM BIBI,SÃO PAULO
QUARTA-FEIRA;40304;VILA INDIANA QUARTA-FEIRA;RUA IQUIRIRIM, 496,VL INDIANA,SÃO PAULO
QUARTA-FEIRA;40894;VILA DALVA QUARTA-FEIRA;RUA JORGE WORD, 49,VL DALVA,SÃO PAULO
QUARTA-FEIRA;40967;JARDIM CELESTE QUARTA-FEIRA;RUA EDWARD CARMILLO,JD CELESTE,SÃO PAULO
QUARTA-FEIRA;40975;JARDIM COLOMBO QUARTA-FEIRA;RUA SALOMAO WAIMBERG, 145,JD BONFIGLIOLI,SÃO PAULO
QUINTA-FEIRA;50288;BUTANTA QUINTA-FEIRA;RUA AGOSTINHO CANTU, S/N,BUTANTA,SÃO PAULO
QUINTA-FEIRA;50822;CARAMURU QUINTA-FEIRA;RUA PDE ALARICO ZACARIAS,VL MARIA LUIZA,SÃO PAULO
QUINTA-FEIRA;50881;JARDIM SAO JORGE QUINTA-FEIRA;RUA PROF JOAO DE LORENZO, S/N,JD SAO JORGE,SÃO PAULO
QUINTA-FEIRA;51195;JARDIM GUARAU QUINTA-FEIRA;RUA JERONIMO FERNANDES, S/N,JD GUARAU,SÃO PAULO
QUINTA-FEIRA;51438;FEIRAO DA ECONOMIA REAL PARQUE QUINTA-FEIRA;AV BARAO DE MONTE MOR, S/N,REAL PQ MORUMBI,SÃO PAULO
SEXTA-FEIRA;60348;VILA SONIA SEXTA-FEIRA;AV GAL FRANCISCO MORAZAN,VL SONIA,SÃO PAULO
SEXTA-FEIRA;60585;RIO PEQUENO SEXTA-FEIRA;AV PUJAIS SABATE, S/N,RIO PEQUENO,SÃO PAULO
SEXTA-FEIRA;60828;VILA BORGES SEXTA-FEIRA;RUA ORESTES COLOMBARI,VL BORGES,SÃO PAULO
SEXTA-FEIRA;60852;VILA GOMES SEXTA-FEIRA;RUA PEREIRA DO LAGO,VL GOMES,SÃO PAULO
SEXTA-FEIRA;61042;PORTAL DO MORUMBI SEXTA-FEIRA;RUA ISAAC ALBENIZ,MORUMBI,SÃO PAULO
SÁBADO;70262;CAXINGUI SÁBADO;RUA LADISLAU ROMAN, S/N,CAXINGUI,SÃO PAULO
SÁBADO;70718;MARIO MOURA ANDRADE SÁBADO;AV CLAUDIO FRANCHI, 49,BUTANTA,SÃO PAULO
SÁBADO;70785;AURIFLAMA SÁBADO;RUA DR VIRGILIO ALVIN FRANCO, 10,JD D ABRIL,SÃO PAULO
SÁBADO;70823;VILA BUTANTA SÁBADO;RUA JOSE ALVES DA CUNHA LIMA,RIO PEQUENO,SÃO PAULO
SÁBADO;71048;JARDIM ANTONIA SÁBADO;RUA DR PAULO RIBEIRO COELHO, S/N,JD ANTONIA,SÃO PAULO
SÁBADO;71501;COHAB-EDUCANDARIO SÁBADO;RUA NOVE,EDUCANDARIO COHAB,SÃO PAULO
SÁBADO;71846;JARDIM RAPOSO TAVARES SÁBADO;AV CAXINGUI, S/N,JD RAPOSO TAVARES,SÃO PAULO
SÁBADO;72150;JARDIM ADALGIZA SÁBADO;AV GUSTAVO BERTHIER, S/N,VL DALVA,SÃO PAULO
DOMINGO;10707;PARQUE ARARIBA DOMINGO;RUA FRANCISCO SOARES,PQ REGINA,SÃO PAULO
DOMINGO;10782;CAMPO LIMPO DOMINGO;AV AMADEU DA SILVA SAMELLO, S/N,CAMPO LIMPO,SÃO PAULO
DOMINGO;10880;PARQUE FERNANDA DOMINGO;ES DE ITAPECERICA,PQ FERNANDA,SÃO PAULO
DOMINGO;11150;JARDIM DAS ROSAS DOMINGO;RUA SERRA DOS DOIS IRMAOS, S/N,JD DAS ROSAS,SÃO PAULO
DOMINGO;11185;JARDIM ROSANA DOMINGO;RUA CARLOS NAHAS,JD ROSANA,SÃO PAULO
DOMINGO;11460;JARDIM DO COLEGIO DOMINGO;RUA DR HUMBERTO PASCALE, S/N,JD JANGADEIRO,SÃO PAULO
DOMINGO;11770;COHAB ADVENTISTA II DOMINGO;RUA MODELAR, S/N,CAPAO REDONDO,SÃO PAULO
TERÇA-FEIRA;31003;JARDIM JANGADEIRO TERÇA-FEIRA;RUA ROSARIO SCAMARTI,JD JANGADEIRO,SÃO PAULO
TERÇA-FEIRA;31038;JARDIM ROSANA TERÇA-FEIRA;RUA CARLOS NAHAS,JD ROSANA,SÃO PAULO
QUARTA-FEIRA;40517;CAPAO REDONDO QUARTA-FEIRA;RUA PAULINO VITAL DE MORAES,CAPAO REDONDO,SÃO PAULO
QUARTA-FEIRA;40860;VILA PRELL QUARTA-FEIRA;RUA THEREZA MAIA PINTO, S/N,VL PRELL,SÃO PAULO
QUARTA-FEIRA;41033;JARDIM MACEDONIA QUARTA-FEIRA;RUA AGOSTINHO PAIVA,JD MACEDONIA,SÃO PAULO
QUINTA-FEIRA;50695;CAMPO LIMPO QUINTA-FEIRA;RUA MARTINHO VAZ DE BARROS,CAMPO LIMPO,SÃO PAULO
QUINTA-FEIRA;50733;JARDIM CATANDUVA QUINTA-FEIRA;RUA DR RENATO BUENO NETO,JD CATANDUVA,SÃO PAULO
QUINTA-FEIRA;50890;PARQUE REGINA QUINTA-FEIRA;RUA FRANCISCO SOARES,PQ REGINA,SÃO PAULO
QUINTA-FEIRA;53813;LUISA TODI QUINTA-FEIRA;RUA LUISA TODI,JD IRENE,SÃO PAULO
SEXTA-FEIRA;60739;CAPAO REDONDO SEXTA-FEIRA;AV ATHOS THOMAZ FERRACIO,CAPAO REDONDO,SÃO PAULO
SEXTA-FEIRA;60771;JARDIM UMARIZAL SEXTA-FEIRA;AV ANACE,JD UMARIZAL,SÃO PAULO
SEXTA-FEIRA;61018;JARDIM IPE SEXTA-FEIRA;RUA GASTAO RAUL DE FONTON BOSQUET,JD IPE,SÃO PAULO
SEXTA-FEIRA;61719;PARQUE FERNANDA SEXTA-FEIRA;AV DR SALVADOR ROCCO,PARQUE FERNANDA,SÃO PAULO
SÁBADO;70858;JARDIM MARIA SAMPAIO SÁBADO;RUA ANTONIO VIEGAS DE ATAIDE, S/N,JD MARIA SAMPAIO,SÃO PAULO
SÁBADO;71234;PARAIZOPOLIS SÁBADO;RUA HERBERT SPENCER, S/N,PARAIZOPOLIS,SÃO PAULO
SÁBADO;71340;JARDIM UMUARAMA SÁBADO;RUA ODEMIS,JD UMUARAMA,SÃO PAULO
SÁBADO;72419;JARDIM OLINDA SÁBADO;RUA CARDOSO MOREIRA,JARDIM OLINDA,SÃO PAULO
SÁBADO;72672;BURLE MARX SÁBADO;PQ BURLE MARX,VILA ANDRADE,SÃO PAULO
DOMINGO;10715;PARQUE GRAJAU DOMINGO;RUA JOSE BEZERRA FILHO, 49,PQ GRAJAU,SÃO PAULO
DOMINGO;10804;CIDADE DUTRA DOMINGO;RUA NOSSA SENHORA DO OUTEIRO, S/N,CID DUTRA,SÃO PAULO
DOMINGO;10839;JARDIM IPORANGA DOMINGO;RUA ANTONIO PEREIRA TAQUES, 15,JD PRESIDENTE,SÃO PAULO
DOMINGO;10863;JARDIM SUZANO DOMINGO;AV INACIO CUNHA LEME, 357,JD IPANEMA,SÃO PAULO
DOMINGO;11274;JARDIM TRES CORACOES DOMINGO;RUA BENEDITA MARTINS RAMOS, S/N,JD TRES CORACOES,SÃO PAULO
DOMINGO;11398;AV DAS JABOTICABEIRAS DOMINGO;ES DO CAPOEIRAO, S/N,JD COLONIAL,SÃO PAULO
DOMINGO;11479;COCAIA DOMINGO;AV TRINTA E SETE CONJ FARIA LIMA, S/N,PQ COCAIA,SÃO PAULO
DOMINGO;11614;PQUE AMERICA DOMINGO;RUA BENEDITO MARCELLO, S/N,PQ SAO PAULO,SÃO PAULO
DOMINGO;11746;JD. NOVO HORIZONTE DOMINGO;RUA LUAR DE LAGRIMAS, S/N,JD NOVO HORIZONTE,SÃO PAULO
DOMINGO;12700;JARDIM VARGINHA DOMINGO;RUA RAIMUNDA P DE ALENCAR DA SILVA,JARDIM VARGINHA,SÃO PAULO
TERÇA-FEIRA;30406;JARDIM EDA TERÇA-FEIRA;RUA JOSE ANTUNES CERDEIRA, S/N,PQ AMERICA,SÃO PAULO
TERÇA-FEIRA;30856;VELEIROS TERÇA-FEIRA;RUA DAS PAINEIRAS, S/N,VELEIROS,SÃO PAULO
TERÇA-FEIRA;31135;JARDIM ELIANA TERÇA-FEIRA;RUA AMAZONAS MARCONDES, S/N,COCAIA,SÃO PAULO
QUARTA-FEIRA;40770;VILA SAO BENEDITO QUARTA-FEIRA;RUA JOSE BONIFACIO FILHO,CID DUTRA,SÃO PAULO
QUARTA-FEIRA;40908;BANDEIRANTES QUARTA-FEIRA;PC JOSE SCHUNCH, 325,VL SAO JOSE,SÃO PAULO
QUARTA-FEIRA;40959;VILA NOVA FRIBURGO QUARTA-FEIRA;AV DANTON JOBIM, 131,VL FRIBURGO,SÃO PAULO
QUARTA-FEIRA;41114;RIO PRETO QUARTA-FEIRA;RUA SAO JOSE DO RIO PRETO, 495,GRAJAU,SÃO PAULO
QUARTA-FEIRA;41343;JARDIM S FRANCISCA QUARTA-FEIRA;RUA HENRY LACORDAIRE, S/N,JD STA FRANCISCA,SÃO PAULO
QUARTA-FEIRA;41386;PQUE RESIDENCIAL COCAIA I QUARTA-FEIRA;RUA RUBENS DE OLIVEIRA, S/N,COCAIA,SÃO PAULO
QUINTA-FEIRA;50709;CIDADE DUTRA QUINTA-FEIRA;RUA SAO GUILHERME, 7377,CID DUTRA,SÃO PAULO
QUINTA-FEIRA;50962;JARDIM MIRNA QUINTA-FEIRA;AV CARLOS ALBERTO BASTOS MACHADO, S/N,COCAIA,SÃO PAULO
QUINTA-FEIRA;51160;PARQUE SAO PAULO QUINTA-FEIRA;RUA GAETANO DONIZETTI, S/N,PQ BRASIL,SÃO PAULO
SEXTA-FEIRA;60798;SOCORRO SEXTA-FEIRA;RUA DOS INOCENTES, S/N,SOCORRO,SÃO PAULO
SEXTA-FEIRA;61115;JARDIM DAS IMBUIAS SEXTA-FEIRA;RUA JOSE LUIZ MONTEIRO, S/N,JD IMBUIAS,SÃO PAULO
SÁBADO;70491;JARDIM PRIMAVERA SÁBADO;RUA FRANCISCO BARRETO, 100,JD PRIMAVERA,SÃO PAULO
SÁBADO;70750;SAO JOSE SÁBADO;AV CARLOS OBHERUBER, 325,STO AMARO,SÃO PAULO
SÁBADO;70777;VILA FRIBURGO SÁBADO;AV BERNA, 228,VL FRIBURGO,SÃO PAULO
SÁBADO;70815;CONJ.RES.BRIG.FARIA LIMA SÁBADO;RUA SAO CAETANO DO SUL, 518,GRAJAU,SÃO PAULO
SÁBADO;71145;JARDIM PETRONITA SÁBADO;RUA DR ANTONIO SIMOES DE CARVALHO, S/N,JD SAO BERNARDO,SÃO PAULO
SÁBADO;71323;PARQUE DAS ARVORES SÁBADO;AV DO ARVOREIRO, S/N,CAPELA DO SOCORRO,SÃO PAULO
SÁBADO;71358;PQ RES. COCAIA INDEPENDENTE SÁBADO;AV VER JOSE GOMES MORAES NETO, S/N,PQ RESIDENCIAL,SÃO PAULO
SÁBADO;71447;JARDIM SATELITE SÁBADO;RUA CLAUDIO SERGIO BERE, S/N,JD SATELITE,SÃO PAULO
SÁBADO;71587;JARDIM ALMEIDA PRADO SÁBADO;RUA MARCO AURELIO MARILAN, S/N,JD ALMEIDA PRADO,SÃO PAULO
SÁBADO;72427;VILA NATAL SÁBADO;RUA MARTA MARIA BERNARDES,VILA NATAL,SÃO PAULO
DOMINGO;10197;CHORA MENINO DOMINGO;AV BARUEL, 661,BARUEL,SÃO PAULO
DOMINGO;10200;PARQUE PERUCHE DOMINGO;RUA CARLOS BELMIRO CORREA, 461,PQ PERUCHE,SÃO PAULO
DOMINGO;10219;CANAA DOMINGO;AV EULINA, 318,JD PRIMAVERA,SÃO PAULO
DOMINGO;10278;VILA NOVA CACHOEIRINHA DOMINGO;RUA DOS PATIS, 335,VL BELA VISTA,SÃO PAULO
DOMINGO;11118;VILA PRADO DOMINGO;RUA MARIA ELISA SIQUEIRA, S/N,VL BARBOSA,SÃO PAULO
DOMINGO;11495;JARDIM PERI ALTO DOMINGO;RUA SAO LOURENCO DO SUL, S/N,JD PERI ALTO,SÃO PAULO
DOMINGO;12084;LIMAO DOMINGO;PC ANTONIO FRANCO VELASCO, S/N,LIMAO,SÃO PAULO
DOMINGO;12211;CACHOEIRINHA DOMINGO;RUA CLEUSA MILOCHI, S/N,CACHOEIRINHA,SÃO PAULO
DOMINGO;13609;FREGUESIA DO O DOMINGO;RUA JERONIMO DE ANDRADE,FREGUESIA DO O,SÃO PAULO
TERÇA-FEIRA;30333;JARDIM CARDAMONE TERÇA-FEIRA;RUA WALDOMIRO SILVEIRA, 28,IMIRIM,SÃO PAULO
TERÇA-FEIRA;30716;JARDIM DAS LARANJEIRAS TERÇA-FEIRA;RUA FREDERICO PENTEADO JUNIOR, 11,CASA VERDE,SÃO PAULO
TERÇA-FEIRA;30775;SANTA MARIA TERÇA-FEIRA;RUA TOMAZ ANTONIO VILANE, 417,VL STA MARIA,SÃO PAULO
TERÇA-FEIRA;30813;MARAMBAIA TERÇA-FEIRA;RUA MARAMBAIA, 25,CASA VERDE,SÃO PAULO
TERÇA-FEIRA;31186;JARDIM SANTA CRUZ TERÇA-FEIRA;RUA MONTE SAO MARTINHO, 349,JD STA CRUZ,SÃO PAULO
QUARTA-FEIRA;40185;VILA ESPANHOLA QUARTA-FEIRA;RUA GALILEIA, 430,PQ PERUCHE,SÃO PAULO
QUARTA-FEIRA;40193;VILA CAROLINA QUARTA-FEIRA;RUA ANTONIO MUNHOS BONILHA, 235,VL CAROLINA,SÃO PAULO
QUARTA-FEIRA;40347;VILA CONTINENTAL QUARTA-FEIRA;AV MARIANA CALIGIURI RONCHETTI, 237,VL CONTINENTAL,SÃO PAULO
QUARTA-FEIRA;41165;CASA VERDE ALTA QUARTA-FEIRA;RUA DOM BENTO PICKEL, S/N,CASA VERDE ALTA,SÃO PAULO
QUARTA-FEIRA;41947;PARQUE SOUZA ARANHA QUARTA-FEIRA;RUA MOURAO VIEIRA,PARQUE SOUZA ARANHA,SÃO PAULO
QUINTA-FEIRA;50270;BAIRRO DO LIMAO QUINTA-FEIRA;RUA MADALENA MADUREIRA, 54,CASA VERDE,SÃO PAULO
QUINTA-FEIRA;50377;ROSA DOS VENTOS QUINTA-FEIRA;RUA AUGUSTO GIL, 207,VL NOVA CACHOEIRINHA,SÃO PAULO
QUINTA-FEIRA;51039;GALO DE OURO QUINTA-FEIRA;RUA DR IGNACIO PROENCA GOUVEIA, 1031,PQ PERUCHE,SÃO PAULO
SEXTA-FEIRA;60151;CASA VERDE SEXTA-FEIRA;RUA CAETANO DESCO, 590,CASA VERDE,SÃO PAULO
SEXTA-FEIRA;60240;CARMEM SEXTA-FEIRA;RUA CESAR PENA RAMOS, 592,CASA VERDE,SÃO PAULO
SEXTA-FEIRA;60542;MANDIBA SEXTA-FEIRA;RUA LASAR SEGAL, 409,FREGUESIA DO O,SÃO PAULO
SEXTA-FEIRA;60550;DEPUTADO EMILIO CARLOS SEXTA-FEIRA;AV MONTE CELESTE, 198,LIMAO,SÃO PAULO
SÁBADO;70343;CACHOEIRINHA SÁBADO;RUA JUARANA, 45,VL NOVA CACHOEIRINHA,SÃO PAULO
SÁBADO;71102;VILA SIQUEIRA SÁBADO;RUA SALVADOR LIGABUE, 431,VL SIQUEIRA,SÃO PAULO
SÁBADO;72524;PARQUE SOUZA ARANHA SÁBADO;RUA MOURAO VIEIRA,PARQUE SOUZA ARANHA,SÃO PAULO
DOMINGO;10790;CASA PALMA DOMINGO;AV CUPECE, 25,CID ADEMAR,SÃO PAULO
DOMINGO;10847;JARDIM MIRIAM DOMINGO;AV ANGELO CRISTIANINI, 32,JD MIRIAM,SÃO PAULO
DOMINGO;10871;MAR PAULISTA DOMINGO;RUA AUGUSTO DE CASTRO, 74,PEDREIRA,SÃO PAULO
DOMINGO;10960;VILA JOANISA DOMINGO;RUA ESTANISLAU MONIUSKO, 1069,VL JOANISA,SÃO PAULO
DOMINGO;11231;VILA MISSIONARIA DOMINGO;RUA RAINHA DAS MISSOES, 1,VL MISSIONARIA,SÃO PAULO
DOMINGO;11282;JARDIM VILA LUCIA DOMINGO;RUA DELFINO FACCHINA, 4028,JD VERA LUCIA,SÃO PAULO
TERÇA-FEIRA;30465;JARDIM PRUDENCIA TERÇA-FEIRA;RUA MARIA JOSE RANGEL, 649,JD PRUDENCIA,SÃO PAULO
TERÇA-FEIRA;30902;VILA CONSTANCIA TERÇA-FEIRA;RUA SALVADOR RODRIGUES NEGRAO, 38,VL CONSTANCIA,SÃO PAULO
QUARTA-FEIRA;40762;JARDIM UBIRAJARA QUARTA-FEIRA;AV BATISTA MACIEL, 313,JD UBIRAJARA,SÃO PAULO
QUARTA-FEIRA;40789;CIDADE ADEMAR QUARTA-FEIRA;RUA VISCONDE DE STA ISABEL, S/N,CID ADEMAR,SÃO PAULO
QUARTA-FEIRA;40800;JARDIM MIRIAM QUARTA-FEIRA;RUA BRAS DE ABREU, S/N,JD MIRIAM,SÃO PAULO
QUINTA-FEIRA;50750;PEDREIRA QUINTA-FEIRA;AV AUGUSTO DE CASTRO, 283,PEDREIRA,SÃO PAULO
QUINTA-FEIRA;50776;VILA FILOMENA QUINTA-FEIRA;RUA JOAO GOMES BATISTA, 419,JD CIDALIA,SÃO PAULO
QUINTA-FEIRA;50784;VILA RICA QUINTA-FEIRA;AV CELSO DOS SANTOS, S/N,STO AMARO,SÃO PAULO
SEXTA-FEIRA;60747;CIDADE ADEMAR SEXTA-FEIRA;RUA ANTONIO DE PINHO AZEVEDO, S/N,CID ADEMAR,SÃO PAULO
SEXTA-FEIRA;60780;REFUGIO SANTA TEREZINHA SEXTA-FEIRA;RUA DOS ANIQUIS E DOS CARATAIS, 121,PEDREIRA,SÃO PAULO
SEXTA-FEIRA;61182;JARDIM NITEROI SEXTA-FEIRA;RUA EDUARDO PEREIRA RAMOS, 101,JD NITEROI,SÃO PAULO
SÁBADO;71072;JARDIM MARAJOARA SÁBADO;RUA JUCA DE AZEVEDO, 33,JD MARAJOARA,SÃO PAULO
SÁBADO;71226;JARDIM VILAS BOAS SÁBADO;RUA LUIS STOLB, S/N,JD VILAS BOAS,SÃO PAULO
DOMINGO;10383;ERMELINO MATARAZZO DOMINGO;RUA SHOBEE KUMAGAI, 6996,ERMELINO MATARAZZO,SÃO PAULO
DOMINGO;10626;VILA RIO BRANCO DOMINGO;RUA FRANCISCO SOUZA QUEIROZ, 92,VL RIO BRANCO,SÃO PAULO
DOMINGO;10731;SANTOS DUMONT DOMINGO;AV CACHOEIRA SANTA CRUZ, 751,JD POPULAR,SÃO PAULO
TERÇA-FEIRA;30473;VILA BUENOS AIRES TERÇA-FEIRA;AV BUENOS AIRES, 90,VL BUENOS AIRES,SÃO PAULO
TERÇA-FEIRA;30929;BRASILIA TERÇA-FEIRA;RUA BELIZARIO BENITES, 115,JD VERONIA,SÃO PAULO
QUARTA-FEIRA;40428;PONTE RAZA QUARTA-FEIRA;RUA BOAVENTURA R DA SILVA, 440,PONTE RAZA,SÃO PAULO
QUINTA-FEIRA;50431;COMENDADOR ERMELINO MATARAZZO QUINTA-FEIRA;RUA VITORIA SIMIONATO, 580,ERMELINO MATARAZZO,SÃO PAULO
QUINTA-FEIRA;50547;JARDIM POPULAR QUINTA-FEIRA;RUA ANDRE NATALE, 98,JD POPULAR,SÃO PAULO
QUINTA-FEIRA;50857;AZEVEDO QUINTA-FEIRA;RUA HERMENEGILDO GOIS PARENTE, 110,JD LISBOA,SÃO PAULO
QUINTA-FEIRA;51047;VILA PRIMA QUINTA-FEIRA;RUA HONORIO EMILIANO BUENO, 155,PONTE RAZA,SÃO PAULO
QUINTA-FEIRA;51586;BURGO PAULISTA QUINTA-FEIRA;RUA ACAIPE, S/N,BURGO PAULISTA,SÃO PAULO
SEXTA-FEIRA;60879;PARQUE BOTURUSSU SEXTA-FEIRA;RUA DARIO COSTA MATOS, 45,ERMELINO MATARAZZO,SÃO PAULO
SÁBADO;70572;BURGO PAULISTA SÁBADO;RUA JOAO JOSE DE QUEIROZ, 595,SAO FRANCISCO,SÃO PAULO
SÁBADO;71285;JARDIM VERONIA SÁBADO;RUA ANTONIO LEITE PENTEADO, S/N,JD VERONIA,SÃO PAULO
SÁBADO;71730;VILA PONTE RASA SÁBADO;RUA AGENOR DE BARROS, S/N,VL PONTE RASA,SÃO PAULO
SÁBADO;72087;JARDIM PENHA SÁBADO;RUA DO ACAPUZAL, S/N,VL CISPER,SÃO PAULO
DOMINGO;10227;VILA DAS PALMEIRAS DOMINGO;RUA BENEDITO GUEDES DE OLIVEIRA, 450,VL PALMEIRAS,SÃO PAULO
DOMINGO;10405;CRUZ DAS ALMAS DOMINGO;ES DO SABAO, 448,CRUZ DAS ALMAS,SÃO PAULO
DOMINGO;10570;MARACANA DOMINGO;RUA RODOLFO MARCOS TEOFILO, 248,JD ELISEO,SÃO PAULO
DOMINGO;10979;PARQUE BELEM DOMINGO;AV GUILHERME DE ALMEIDA, 107,PQ BELEM,SÃO PAULO
DOMINGO;12394;JARDIM PRINCESA DOMINGO;RUA VITANTONIO MATOROSA,JARDIM PRINCESA,SÃO PAULO
DOMINGO;12548;JARDIM DO RECANTO DOMINGO;RUA ARARIPIRA,JARDIM DO RECANTO,SÃO PAULO
TERÇA-FEIRA;30350;FREGUESIA DO O TERÇA-FEIRA;RUA CHICO DE PAULA, 61,NOSSA SENHORA DO O,SÃO PAULO
TERÇA-FEIRA;30597;VILA BANCARIA TERÇA-FEIRA;RUA MARQUES DO RECIFE, 330,VL BANCARIA,SÃO PAULO
TERÇA-FEIRA;30791;GUARIROBA TERÇA-FEIRA;RUA JOSE FELIX ALVES PACHECO, 209,VL BRASILANDIA,SÃO PAULO
TERÇA-FEIRA;31160;JARDIM VISTA ALEGRE TERÇA-FEIRA;RUA ITATIBA DO SUL, 4,JD VISTA ALEGRE,SÃO PAULO
QUARTA-FEIRA;40568;VILA IORIO QUARTA-FEIRA;RUA JAGUARURAMA, 129,NOSSA SENHORA DO O,SÃO PAULO
QUARTA-FEIRA;40614;VILA RICA QUARTA-FEIRA;RUA SPENCER VAMPRE, 454,VL RICA,SÃO PAULO
QUARTA-FEIRA;40754;JARDIM IRACEMA QUARTA-FEIRA;RUA DOS MORGADOS, 188,JD IRACEMA,SÃO PAULO
QUINTA-FEIRA;50385;VILA BRASILANDIA QUINTA-FEIRA;RUA COLUMBIA, 289,VL BRASILANDIA,SÃO PAULO
QUINTA-FEIRA;50504;VILA NIGRI QUINTA-FEIRA;RUA MOINHO VELHO, 770,VL NIGRI,SÃO PAULO
QUINTA-FEIRA;51306;JARDIM GUARANI QUINTA-FEIRA;RUA SOUZA CARVALHO, S/N,JD GUARANI,SÃO PAULO
SEXTA-FEIRA;60283;SANTA MARINA SEXTA-FEIRA;RUA ESTEVAO FURQUIM, 428,NOSSA SENHORA DO O,SÃO PAULO
SEXTA-FEIRA;60500;VILA MIRIAM SEXTA-FEIRA;RUA ANTONIO GOMES DE OLIVEIRA, 458,VL MIRIAN,SÃO PAULO
SEXTA-FEIRA;60704;JARDIM MONJOLO SEXTA-FEIRA;RUA NAZARIO PAGANO, 24,JD MONJOLO,SÃO PAULO
SEXTA-FEIRA;60844;PARQUE TIETE SEXTA-FEIRA;RUA SAO FRANCISCO DO HUMAITA, 464,PQ TIETE,SÃO PAULO
SÁBADO;70351;ITABERABA SÁBADO;RUA DOS SITIANTES, 360,LIMAO,SÃO PAULO
SÁBADO;70440;VILA GONCALVES SÁBADO;RUA DR JOSE DE QUEIROS MATOSO, 719,VILA GONCALVES,SÃO PAULO
SÁBADO;70602;MORRO GRANDE SÁBADO;RUA MARIA NAZARO DA SILVA, 224,VL BRASILANDIA,SÃO PAULO
SÁBADO;70696;MUNIZ BARRETO SÁBADO;RUA HELCIO DA SILVA, 10,VL BRASILANDIA,SÃO PAULO
SÁBADO;71250;JARDIM ANA MARIA SÁBADO;RUA JAIRO PINTO ARAUJO, 166,JD ANA MARIA,SÃO PAULO
SÁBADO;72460;JARDIM BRASILIA SÁBADO;RUA ALEXANDRE SILVA,JARDIM BRASILIA,SÃO PAULO
DOMINGO;10391;GUAIANAZES DOMINGO;RUA COUTINHO E MELO, S/N,GUAIANAZES,SÃO PAULO
DOMINGO;11835;COHAB-JUSCELINO KUBTSCHECK DOMINGO;AV UTARO KANAI, S/N,JD SAO PAULO,SÃO PAULO
DOMINGO;12513;JARDIM SAO PAULO DOMINGO;RUA JERONIMO DIAS RIBEIRO,JARDIM SAO PAULO,SÃO PAULO
DOMINGO;12530;CDHU CONJUNTO HAB GUAIANASES DOMINGO;RUA B-10,CIDADE TIRADENTES,SÃO PAULO
DOMINGO;12742;JARDIM FRANGANIELO DOMINGO;RUA GASPAR SARDINHA,LAGEADO,SÃO PAULO
TERÇA-FEIRA;31461;VILA PRINCESA ISABEL TERÇA-FEIRA;RUA COMTE CARLOS RHUL,VL PRINCESA ISABEL,SÃO PAULO
QUARTA-FEIRA;40444;GUAIANAZES QUARTA-FEIRA;PC ANDES, S/N,GUAIANAZES,SÃO PAULO
QUARTA-FEIRA;41580;JARDIM SAO PAULO QUARTA-FEIRA;AV UTARO KANAI, S/N,JD SAO PAULO,SÃO PAULO
QUARTA-FEIRA;41815;JARDIM SOARES QUARTA-FEIRA;RUA INACIO MOREIRA,JARDIM SOARES,SÃO PAULO
QUINTA-FEIRA;51608;JARDIM SAO PAULO QUINTA-FEIRA;RUA IDEAL, S/N,JD SAO PAULO,SÃO PAULO
QUINTA-FEIRA;51888;RIBEIRAO ITAQUERA QUINTA-FEIRA;AV RIBEIRAO ITAQUERA,GUAIANAZES,SÃO PAULO
SEXTA-FEIRA;61697;JARDIM SAO PAULO SEXTA-FEIRA;RUA ALVARO DA COSTA, 00S/N,JARDIM SAO PAULO,SÃO PAULO
SÁBADO;71030;JARDIM CELIA SÁBADO;RUA JOAQUIM MIGUEL DUTRA, 237,JD CELIA,SÃO PAULO
SÁBADO;71617;VILA SAO GERALDO SÁBADO;RUA CAMARGO LEME, S/N,VL SAO GERALDO,SÃO PAULO
SÁBADO;72222;LAJEADO SÁBADO;RUA JOSE MARTINS DOS SANTOS, S/N,LAJEADO,SÃO PAULO
SÁBADO;72354;VILA PRINCESA ISABEL SÁBADO;RUA IRMAO DEODORO,VILA PRINCESA ISABEL,SÃO PAULO
SÁBADO;72680;RODOLFO ALBINO SILVA SÁBADO;RUA RODOLFO ALBINO SILVA, 00033,GUAINAZES,SÃO PAULO
SÁBADO;73806;CONJUNTO JK SÁBADO;AV UTARO KANAI,JARDIM SAO PAULO,SÃO PAULO
DOMINGO;11517;COHAB CIDADE TIRADENTES DOMINGO;RUA PADRE ALDEMAR MOREIRA, S/N,STA ETELVINA,SÃO PAULO
DOMINGO;11843;COHAB-TIRADENTES I DOMINGO;RUA BARTOLINO DE PADUA, S/N,ITAQUERA,SÃO PAULO
DOMINGO;12076;CONJUNTO STA. ETELVINA DOMINGO;AV NASCER DO SOL, S/N,STA ETELVINA COHAB,SÃO PAULO
DOMINGO;12262;COHAB SITIO CONCEICAO DOMINGO;RUA WILSON FERNANDES S CARVALHO, S/N,CID TIRADENTES,SÃO PAULO
DOMINGO;12351;CONJ HABIT FAZENDA DO CARMO DOMINGO;AV HENRIQUETA NOGUEZ BRIEBA, S/N,CJ HAB FAZENDA DO CA,SÃO PAULO
DOMINGO;12483;VILA YOLANDA II DOMINGO;RUA DR ADEMAR FERREIRA DE CARVALHO,VILA YOLANDA II,SÃO PAULO
QUARTA-FEIRA;41327;SANTA ETELVINA QUARTA-FEIRA;AV LUIS JOSE COSTA (LEANDRO), S/N,CID TIRADENTES COHAB,SÃO PAULO
QUARTA-FEIRA;41637;CIDADE TIRADENTES SETOR G QUARTA-FEIRA;RUA MOISES DE CORENA, S/N,CID TIRADENTES,SÃO PAULO
QUINTA-FEIRA;51209;COHAB-TIRADENTES II QUINTA-FEIRA;AV DOS TEXTEIS, S/N,ITAQUERA,SÃO PAULO
SEXTA-FEIRA;60895;CONJ RESID DE GUAIANAZES SEXTA-FEIRA;AV DR GUILHERME DE ABREU SODRE, 1414,GUAIANAZES COHAB,SÃO PAULO
SEXTA-FEIRA;61662;CIDADE TIRADENTES SEXTA-FEIRA;RUA DONA ELOA DO VALLE QUADROS, S/N,CID TIRADENTES,SÃO PAULO
SÁBADO;71374;CASTRO ALVES SÁBADO;RUA CORACAO DE MACA, S/N,TIRADENTES COHAB,SÃO PAULO
SÁBADO;71927;COHAB SANTA ETELVINA IIA SÁBADO;AV NASCER DO SOL, S/N,STA ETELVINA COHAB,SÃO PAULO
SÁBADO;71986;CIDADE TIRADENTES SÁBADO;RUA CRISTIANO LOBE,CID TIRADENTES COHAB,SÃO PAULO
SÁBADO;72320;METALURGICOS SÁBADO;AV DOS METALURGICOS,CIDADE TIRADENTES,SÃO PAULO
DOMINGO;10073;IPIRANGA DOMINGO;RUA AGOSTINHO GOMES,IPIRANGA,SÃO PAULO
DOMINGO;10090;VILA SAO JOSE DOMINGO;RUA OLIVEIRA MELO, 779,VL SAO JOSE,SÃO PAULO
DOMINGO;10154;JARDIM PREVIDENCIA DOMINGO;AV INHAIBA,MOINHO VELHO,SÃO PAULO
DOMINGO;10545;CASTELO BRANCO DOMINGO;RUA ASSUNGUI,VL GUMERCINDO,SÃO PAULO
DOMINGO;10650;JARDIM DA SAUDE DOMINGO;PC BRAS GONCALVES,JD DA SAUDE,SÃO PAULO
DOMINGO;10669;VILA CRISTALIA DOMINGO;RUA ANTONIO LAMAS, 31,VL CRISTALIA,SÃO PAULO
DOMINGO;11070;VILA INDEPENDENCIA DOMINGO;LG LEON DE TOLSTOI, S/N,VL INDEPENDENCIA,SÃO PAULO
DOMINGO;12041;CONJ RES HELIOPOLIS DOMINGO;RUA FREIRE BRAYNER, S/N,SACOMA,SÃO PAULO
DOMINGO;12432;PARQUE BRISTOL DOMINGO;RUA PROF ARNALDO JOAO SEMERARO, 00S/N,PARQUE BRISTOL,SÃO PAULO
TERÇA-FEIRA;30112;ALTO DO IPIRANGA TERÇA-FEIRA;RUA XAVIER DE ALMEIDA, 427,ALTO DO IPIRANGA,SÃO PAULO
TERÇA-FEIRA;30236;VILA DAS MERCES TERÇA-FEIRA;RUA BRIG AMILCAR V PEDERNEIRAS, 120,VL DAS MERCES,SÃO PAULO
TERÇA-FEIRA;30368;AGUA FUNDA TERÇA-FEIRA;RUA MARIO SCHIOPA, 175,AGUA FUNDA,SÃO PAULO
TERÇA-FEIRA;30643;PORONGABA TERÇA-FEIRA;RUA MATIAS TEIXEIRA, 165,BOSQUE DA SAUDE,SÃO PAULO
TERÇA-FEIRA;30708;SANTA EULALIA TERÇA-FEIRA;RUA MONTE ALVERNE, S/N,VL STA EULALIA,SÃO PAULO
TERÇA-FEIRA;30830;VILA ARAPUA TERÇA-FEIRA;RUA RIZZIERI NEGRINI, 199,VL ARAPUA,SÃO PAULO
QUARTA-FEIRA;40096;VILA MONUMENTO QUARTA-FEIRA;RUA GUINLE, 95,VL MONUMENTO,SÃO PAULO
QUARTA-FEIRA;40258;CERRACAO QUARTA-FEIRA;RUA LINO GUEDES, 109,MOINHO VELHO,SÃO PAULO
QUARTA-FEIRA;40274;SAO JOAO CLIMACO QUARTA-FEIRA;RUA JAPARATUBA, 131,SAO JOAO CLIMACO,SÃO PAULO
QUARTA-FEIRA;40533;SANTA ANGELA QUARTA-FEIRA;RUA CEL FAWCETT, 833,VL MORAES,SÃO PAULO
QUARTA-FEIRA;40541;SUSSUARAMA QUARTA-FEIRA;RUA CINCO DE JULHO, 7,VL NAIR,SÃO PAULO
QUARTA-FEIRA;40550;VILA VERA QUARTA-FEIRA;AV CEL JOSE PIRES DE ANDRADE, 466,VL VERA,SÃO PAULO
QUARTA-FEIRA;40924;JARDIM LEAR QUARTA-FEIRA;RUA JOSE ANTONIO VALADARES, 13,JD LEAR,SÃO PAULO
QUINTA-FEIRA;50113;IPIRANGA QUINTA-FEIRA;RUA DR MARIO VICENTE, 1715,IPIRANGA,SÃO PAULO
QUINTA-FEIRA;50130;SACOMA QUINTA-FEIRA;RUA LINO COUTINHO, 1046,SACOMA,SÃO PAULO
QUINTA-FEIRA;50202;AURI VERDE QUINTA-FEIRA;RUA CAMPANTE, 81,VL CARIOCA,SÃO PAULO
QUINTA-FEIRA;50229;JAGUARI QUINTA-FEIRA;PC BRAS GONCALVES, 308,JD DA SAUDE,SÃO PAULO
QUINTA-FEIRA;50652;MARIA ESTELA QUINTA-FEIRA;PC DR CURADO FLEURY, 3,JD MARIA ESTELA,SÃO PAULO
QUINTA-FEIRA;50679;SANTA CRUZ QUINTA-FEIRA;RUA JOSE COCCIUFFO, 85,ALTO DO IPIRANGA,SÃO PAULO
QUINTA-FEIRA;53902;IPIRANGA QUINTA-FEIRA;PC PEDRO BALINT,IPIRANGA,SÃO PAULO
SEXTA-FEIRA;60119;TEREZA CRISTINA SEXTA-FEIRA;RUA COSTA AGUIAR, 261,IPIRANGA,SÃO PAULO
SEXTA-FEIRA;60160;VILA GUMERCINDO SEXTA-FEIRA;RUA DOM ANTONIO ALVARENGA, S/N,VL GUMERCINDO,SÃO PAULO
SEXTA-FEIRA;60445;VILA DOS QUARENTA SEXTA-FEIRA;RUA ANGATURAMA, 454,VL DAS MERCES,SÃO PAULO
SEXTA-FEIRA;60496;VILA BANDEIRANTES SEXTA-FEIRA;RUA PROF RAUL PEDERNEIRAS, 125,VL CONDE DO PINHAL,SÃO PAULO
SEXTA-FEIRA;60593;JARDIM PATENTE SEXTA-FEIRA;AV PATENTE, 468,JD PATENTE,SÃO PAULO
SEXTA-FEIRA;60615;VILA OLIVIERI SEXTA-FEIRA;RUA CLAUDIO FERREIRA MANOEL, 29,VL OLIVIERI,SÃO PAULO
SEXTA-FEIRA;60682;PARQUE BRISTOL SEXTA-FEIRA;AV JOSE CAETANO DA ROCHA, 93,PQ BRISTOL,SÃO PAULO
SÁBADO;70238;SACOMA SÁBADO;RUA AMERICO SAMARONE, 327,SACOMA,SÃO PAULO
SÁBADO;70246;VILA MORAES SÁBADO;RUA DIVINOPOLIS, 234,VL MORAES,SÃO PAULO
SÁBADO;70408;VILA NAIR SÁBADO;RUA DONA LEOPOLDINA, 243,VL NAIR,SÃO PAULO
SÁBADO;70513;VILA CARIOCA SÁBADO;RUA ALBINO DE MORAES, 19,VL CARIOCA,SÃO PAULO
SÁBADO;70793;JARDIM BOTUCATU SÁBADO;RUA DR EUGENIO EGAS, 250,JD CLIMAX,SÃO PAULO
SÁBADO;70912;JARDIM TROPICAL SÁBADO;RUA ENG JOSE BUENO BICALHO, 11,JD TROPICAL,SÃO PAULO
SÁBADO;72192;SAO SAVERIO SÁBADO;RUA CANCAO DO EXILIO,SACOMA,SÃO PAULO
SÁBADO;72249;VILA HELIOPOLIS SÁBADO;RUA EMBU DE HELIOPOLIS,HELIOPOLIS,SÃO PAULO
SÁBADO;72303;JARDIM MARIA ESTELA SÁBADO;PC PROF JAIME POGGI, 00S/N,JARDIM MARIA ESTELA,SÃO PAULO
DOMINGO;10618;JARDIM CAMARGO DOMINGO;RUA VALENTE DE NOVAES, S/N,JD CAMARGO,SÃO PAULO
DOMINGO;10995;CAMARGO VELHO DOMINGO;AV ACADEMIA DE SAO PAULO, 772,JD CAMARGO NOVO,SÃO PAULO
DOMINGO;11134;JARDIM ROBRU DOMINGO;RUA BENEDITO DE SOUZA BORGES, S/N,JD ROBRU,SÃO PAULO
DOMINGO;11657;JARDIM NAZARE DOMINGO;RUA AUGUSTO ALBERECI, S/N,JD NAZARE,SÃO PAULO
DOMINGO;12173;PARQUE SANTA RITA DOMINGO;RUA TEODORO BERNARDO DO NASCIMENTO, S/N,PQ STA RITA,SÃO PAULO
DOMINGO;12270;DESEMBARGADOR ISNARD DOS REIS DOMINGO;RUA DESEM ISNARD DOS REIS, S/N,ITAIM PAULISTA,SÃO PAULO
DOMINGO;12645;CDHU ITAIM PAULISTA DOMINGO;RUA MANOEL RODRIGUES SANTIAGO, 00010,ITAIM PAULISTA,SÃO PAULO
TERÇA-FEIRA;30511;VILA CURUCA TERÇA-FEIRA;RUA IVOTURUCAIA, 411,VL CURUCA VELHA,SÃO PAULO
TERÇA-FEIRA;30996;VILA ALABAMA TERÇA-FEIRA;AV ITAIM, 150,ITAIM PAULISTA,SÃO PAULO
TERÇA-FEIRA;31275;JARDIM CAMPOS TERÇA-FEIRA;RUA LAGOA CAJUBA, S/N,JD CAMPOS,SÃO PAULO
TERÇA-FEIRA;31518;VILA NOVA CURUCA TERÇA-FEIRA;RUA ARVORE DE CERA, S/N,JD NOVA CURUCA,SÃO PAULO
QUARTA-FEIRA;41076;PROGRESSO QUARTA-FEIRA;AV JOSE BORGES DO CANTO, 8,JD CAMARGO VELHO,SÃO PAULO
QUARTA-FEIRA;41653;VILA ITAIM QUARTA-FEIRA;AV ITAIM, S/N,VL ITAIM,SÃO PAULO
QUARTA-FEIRA;41688;JARDIM GIANETTI QUARTA-FEIRA;RUA GUABIROBA DE MINAS, S/N,JD GIANETTI,SÃO PAULO
QUINTA-FEIRA;50466;ITAIM QUINTA-FEIRA;RUA VEREDA DO PARAISO, 8,ITAIM PAULISTA,SÃO PAULO
QUINTA-FEIRA;50830;VILA NOVA CURUCA QUINTA-FEIRA;RUA ANANAI, 241,VL NOVA CURACA,SÃO PAULO
QUINTA-FEIRA;51292;JARDIM MILIUNAS QUINTA-FEIRA;RUA MONSENHOR SALIM, S/N,JD MILIUNAS,SÃO PAULO
QUINTA-FEIRA;51411;JARDIM ROBRU QUINTA-FEIRA;RUA JOAO BARBOSA DE LIMA, S/N,JD ROBRU,SÃO PAULO
QUINTA-FEIRA;51640;JARDIM CAMARGO NOVO QUINTA-FEIRA;RUA CANAL DE TUTOIA, S/N,JD CAMARGO NOVO,SÃO PAULO
SEXTA-FEIRA;60968;PARQUE SANTA RITA SEXTA-FEIRA;RUA ANAJATUBA, 866,PQ STA RITA,SÃO PAULO
SEXTA-FEIRA;61077;FLAMINGO SEXTA-FEIRA;AV FLAMINGO, 37,VL CURUCA NOVA,SÃO PAULO
SEXTA-FEIRA;61654;CONJ HABIT PADRE NILDO SEXTA-FEIRA;RUA ARACARANA, S/N,VL SAO JOSE,SÃO PAULO
SÁBADO;70530;JARDIM SILVA TELLES SÁBADO;RUA CARAIPE DAS AGUAS, 177,JD DOS IPES,SÃO PAULO
SÁBADO;70840;JARDIM DAS OLIVEIRAS SÁBADO;RUA MONSENHOR SALIM, 4,JD DAS OLIVEIRAS,SÃO PAULO
SÁBADO;71277;JARDIM NELIA SÁBADO;RUA ANASTACIO TRANCOSO, S/N,JD NELIA,SÃO PAULO
SÁBADO;72206;CONJUNTO CDHU CAMARGO VELHO SÁBADO;RUA DA CONQUISTA-G, S/N,CDHU CAMARGO VELHO,SÃO PAULO
DOMINGO;10375;ITAQUERA DOMINGO;RUA KEN SUGAYA, S/N,ITAQUERA,SÃO PAULO
DOMINGO;10910;ANCHIETA DOMINGO;RUA PALMEIRA LACA, 14A,JD ELIANE,SÃO PAULO
DOMINGO;11053;PARQUE GUARANI DOMINGO;RUA FLOR DE CABOCLO, 1,PQ GUARANI,SÃO PAULO
DOMINGO;11088;JARDIM NOVA BRASILIA DOMINGO;RUA JASMIM DA ESPANHA, S/N,JD BRASILIA,SÃO PAULO
DOMINGO;11240;SAVOY CITY DOMINGO;RUA XAVIER PALMERIM, 35,PQ SAVOY CITY,SÃO PAULO
DOMINGO;11347;COHAB II DOMINGO;PC BOM PASTOR, 387,ITAQUERA,SÃO PAULO
DOMINGO;11797;TERRA BRASILEIRA DOMINGO;RUA TERRA BRASILEIRA, S/N,VL SUICA,SÃO PAULO
DOMINGO;13706;ITAQUERA II DOMINGO;RUA LAURA BOSS,GUAIANASES,SÃO PAULO
DOMINGO;13803;CONJUNTO A E CARVALHO DOMINGO;RUA ANDRE CAVALCANTE,VILA REGINA,SÃO PAULO
TERÇA-FEIRA;30945;JARDIM NOSSA SENHORA DO CARMO TERÇA-FEIRA;RUA ESTEVAO DIAS VERGARA, 700,JD NSRA DO CARMO,SÃO PAULO
TERÇA-FEIRA;30953;COHAB III TERÇA-FEIRA;RUA FREI ANTONIO FAGGIANO, 41,ITAQUERA,SÃO PAULO
TERÇA-FEIRA;31402;JARDIM RUTH TERÇA-FEIRA;RUA FLOR DE PELICANO, S/N,JD CASA PINTADA,SÃO PAULO
TERÇA-FEIRA;31607;RAINHA DA NOITE TERÇA-FEIRA;RUA RODOLFO BARBOSA DE CASTRO,PARQUE GUARANI,SÃO PAULO
QUARTA-FEIRA;41050;VERDE QUARTA-FEIRA;RUA FLOR DE SANTA CRUZ, 55,VL VERDE,SÃO PAULO
QUARTA-FEIRA;41173;JARDIM ARIZI QUARTA-FEIRA;RUA UACUMA, 58,JD ARIZI,SÃO PAULO
QUARTA-FEIRA;41203;SABADO D'ANGELO QUARTA-FEIRA;RUA VIRGINIA FERNI, S/N,COHAB II,SÃO PAULO
QUARTA-FEIRA;41602;JARDIM ITAPEMIRIM QUARTA-FEIRA;RUA DIOGO JOSE MACHADO, S/N,JD ITAPEMIRIM,SÃO PAULO
QUARTA-FEIRA;41610;VILA BRASIL QUARTA-FEIRA;RUA CANDIDO DE GODOI, S/N,VL BRASIL,SÃO PAULO
QUARTA-FEIRA;41661;CIDADE LIDER QUARTA-FEIRA;RUA JERONIMO DE BARROS, S/N,CID LIDER,SÃO PAULO
QUARTA-FEIRA;41890;DOM BOSCO QUARTA-FEIRA;RUA ANTONIO GANDINE,ITAQUERA,SÃO PAULO
QUINTA-FEIRA;50458;ITAQUERA QUINTA-FEIRA;RUA BENTO VIEIRA CASTRO, 344,ITAQUERA,SÃO PAULO
QUINTA-FEIRA;51128;JOSE BONIFACIO QUINTA-FEIRA;PC BOM PASTOR, 462,ITAQUERA,SÃO PAULO
QUINTA-FEIRA;51233;VILA CAMPANELA QUINTA-FEIRA;RUA CAXIU, S/N,VL CAMPANELA,SÃO PAULO
QUINTA-FEIRA;51357;SANTA MARCELINA QUINTA-FEIRA;RUA PRAIA DE TORRES, S/N,VL CARMOSINA,SÃO PAULO
QUINTA-FEIRA;51721;VILA CARMOSINA QUINTA-FEIRA;RUA VENTUROSA, S/N,VL CARMOSINA,SÃO PAULO
QUINTA-FEIRA;54011;CARLOS ALBACINI QUINTA-FEIRA;RUA CARLOS ALBACINI,JOSE BONIFACIO,SÃO PAULO
SEXTA-FEIRA;60569;JARDIM SANTA HELENA SEXTA-FEIRA;RUA SANTA EDITH, 357,JD STA HELENA,SÃO PAULO
SEXTA-FEIRA;60925;VILA MATILDE SEXTA-FEIRA;RUA PEDRO LUIZ DE SOUZA, 22,JD BRASILIA,SÃO PAULO
SEXTA-FEIRA;61050;CARMOSINA SEXTA-FEIRA;RUA SAO FELIX DO PIAUI, 1057,VL CARMOSINA,SÃO PAULO
SEXTA-FEIRA;61220;ZONA LESTE SEXTA-FEIRA;RUA ANTONIO CRESPO, S/N,COHAB II,SÃO PAULO
SEXTA-FEIRA;61280;VILA RAMOS SEXTA-FEIRA;AV AUGUSTO ANTUNES, S/N,VL RAMOS,SÃO PAULO
SEXTA-FEIRA;61735;JARDIM HELIAN SEXTA-FEIRA;RUA MANOEL BACELAR,JARDIM HELIAN,SÃO PAULO
SÁBADO;70386;CIDADE LIDER SÁBADO;RUA FRANCISCO MUNHOZ FILHO, 501,CID LIDER,SÃO PAULO
SÁBADO;70521;XV DE NOVEMBRO SÁBADO;RUA IBIAJARA, 478,PARADA XV NOVEMBRO,SÃO PAULO
SÁBADO;70874;VILA MASTROCOLA SÁBADO;RUA PROF BRITO MACHADO, 196,VL MASTROCOLA,SÃO PAULO
SÁBADO;71153;CONJ RESIDENCIAL DE ITAQUERA SÁBADO;RUA LAURA BOSSI, S/N,ITAQUERA COHAB II,SÃO PAULO
SÁBADO;71714;JD.SANTA TEREZINHA SÁBADO;RUA CAMPO DE VINHA, S/N,JD STA TEREZINHA,SÃO PAULO
SÁBADO;72109;PARQUE SAVOY CITY SÁBADO;RUA DR CELSO PACHECO BETIM, S/N,PQ SAVOY CITY,SÃO PAULO
SÁBADO;72176;VILA VERDE SÁBADO;RUA BARAO DE GODOFREDO, S/N,VL VERDE,SÃO PAULO
SÁBADO;72389;CONJUNTO HAB FAZENDA DO CARMO SÁBADO;RUA PROF HASEGAWA,GUAIANAZES,SÃO PAULO
SÁBADO;72397;JARDIM ITAPEMIRIM SÁBADO;RUA DR OLIVIO MONTENEGRO,JARDIM ITAPEMIRIM,SÃO PAULO
SÁBADO;72656;VILA CARMOSINA SÁBADO;RUA LAGOA FEIA,VILA CARMOSINA,SÃO PAULO
DOMINGO;10448;CIDADE VARGAS DOMINGO;PC NOVA AMERICA, 15-A,CID VARGAS,SÃO PAULO
DOMINGO;10677;SAO JOSE DOMINGO;RUA HUGO VITOR DA SILVA, S/N,AMERICANOPOLIS,SÃO PAULO
DOMINGO;10766;SANTA CATARINA DOMINGO;RUA ALBA, 302,STA CATARINA,SÃO PAULO
DOMINGO;12580;AGUA FUNDA DOMINGO;VD MATEUS TORLONI,JABAQUARA,SÃO PAULO
TERÇA-FEIRA;30376;VILA GUARANI TERÇA-FEIRA;AV WALDOMIRO DE LIMA, S/N,VL GUARANI,SÃO PAULO
QUARTA-FEIRA;40355;NHANDIROBAS QUARTA-FEIRA;RUA GRUMIXAMAS, 374,VL GUARANI,SÃO PAULO
QUARTA-FEIRA;41556;JABAQUARA QUARTA-FEIRA;AV ENG ARMANDO DE ARRUDA PEREIRA, S/N,JABAQUARA,SÃO PAULO
QUINTA-FEIRA;50423;SANTA CATARINA QUINTA-FEIRA;RUA FRANKLIN MAGALHAES, 273,STA CATARINA,SÃO PAULO
QUINTA-FEIRA;50628;VILA FACCHINI QUINTA-FEIRA;RUA LUIZ CARLOS FACCHINI, 50,VL FACCHINI,SÃO PAULO
QUINTA-FEIRA;51080;VILA CAMPESTRE QUINTA-FEIRA;RUA ROSALIA DE CASTRO, 559,VL CAMPESTRE,SÃO PAULO
SEXTA-FEIRA;60330;AMERICANOPOLIS SEXTA-FEIRA;RUA DEODORO DE CAMPOS, 12,JABAQUARA,SÃO PAULO
SEXTA-FEIRA;60577;CIDADE LEONOR SEXTA-FEIRA;RUA TEJUPA, S/N,JABAQUARA,SÃO PAULO
SÁBADO;70017;APACE SÁBADO;RUA APACE, 372,JABAQUARA,SÃO PAULO
SÁBADO;70254;VILA GUARANI SÁBADO;AV DIEDERICHSEN, 45,VL GUARANI,SÃO PAULO
DOMINGO;10260;JACANA DOMINGO;RUA BENJAMIM PEREIRA, 521,JACANA,SÃO PAULO
DOMINGO;11177;FURNAS DOMINGO;AV ANTONELO DA MESSINA, S/N,VL ZILDA,SÃO PAULO
DOMINGO;11355;PENAFORTE DOMINGO;RUA PENAFORTE, S/N,JD PAULISTANA,SÃO PAULO
DOMINGO;11908;CONJUNTO JOVA RURAL DOMINGO;RUA ARI DA ROCHA MIRANDA, S/N,VL NOVA GALVAO,SÃO PAULO
DOMINGO;12122;VILA ALBERTINA DOMINGO;RUA MAESTRO BORTOLUCCI, S/N,VL ALBERTINA,SÃO PAULO
TERÇA-FEIRA;30546;JARDIM TREMEMBE TERÇA-FEIRA;RUA TEREZA BORTOLO, S/N,JD TREMEMBE,SÃO PAULO
QUARTA-FEIRA;40495;VILA NILO QUARTA-FEIRA;RUA DR CARLOS BASTOS ARANHA, 420,VL NILO,SÃO PAULO
QUARTA-FEIRA;40584;CASA DE PEDRA QUARTA-FEIRA;RUA CEL ESDRAS DE OLIVEIRA, S/N,JD TREMEMBE,SÃO PAULO
QUARTA-FEIRA;41530;TREMEMBE QUARTA-FEIRA;PC DONA MARIQUINHA SCIASCIA, S/N,TREMEMBE,SÃO PAULO
QUINTA-FEIRA;50407;EDU CHAVES QUINTA-FEIRA;RUA LILIENTAL, 317,TUCURUVI,SÃO PAULO
QUINTA-FEIRA;50482;VILA MAZZEI QUINTA-FEIRA;RUA MANOEL GAYA, S/N,VL MAZZEI,SÃO PAULO
QUINTA-FEIRA;50539;VILA ALBERTINA QUINTA-FEIRA;RUA ELIAS DE SOUZA PINTO, S/N,VL ALBERTINA,SÃO PAULO
SEXTA-FEIRA;60992;JARDIM JOAMAR SEXTA-FEIRA;RUA JOSINO VIEIRA GOES, S/N,JD JOAMAR,SÃO PAULO
SÁBADO;70360;TREMEMBE SÁBADO;RUA ALMEIDA MERCES, S/N,TREMEMBE,SÃO PAULO
SÁBADO;71960;JARDIM FONTALIS SÁBADO;RUA MANOEL PEREIRA ROSA, S/N,JD FONTALIS,SÃO PAULO
DOMINGO;10049;LAPA DOMINGO;RUA FABIA, 701,VL ROMANA,SÃO PAULO
DOMINGO;10430;SANTA EDWIGES DOMINGO;RUA AGAMENON MAGALHAES, 138,STA EDWIGES,SÃO PAULO
DOMINGO;10537;CAIOVAS DOMINGO;RUA DR COSTA JUNIOR, 35,AGUA BRANCA,SÃO PAULO
DOMINGO;10561;VILA JAGUARA DOMINGO;RUA PEDRO HENRIQUE DE O BRAGANCA,VL JAGUARA,SÃO PAULO
DOMINGO;11045;CENTRO INDUSTRIAL DO JAGUARE DOMINGO;RUA BARCELONA, 99,JAGUARE,SÃO PAULO
TERÇA-FEIRA;30082;ALTO DAS PERDIZES TERÇA-FEIRA;RUA MIN GODOY, 1261,PERDIZES,SÃO PAULO
TERÇA-FEIRA;30198;VILA ROMANA TERÇA-FEIRA;RUA SEPETIBA, 510,VL ROMANA,SÃO PAULO
TERÇA-FEIRA;30341;VILA ANASTACIO TERÇA-FEIRA;RUA BARTOLOMEU BUENO, 161,VL ANASTACIO,SÃO PAULO
TERÇA-FEIRA;30554;JAGUARE TERÇA-FEIRA;RUA ROLANDIA, S/N,JAGUARE,SÃO PAULO
TERÇA-FEIRA;30635;VILA PIAUI TERÇA-FEIRA;RUA FLOR CACHOEIRA E S DO TEIXEIRA, 48,VL PIAUI,SÃO PAULO
QUARTA-FEIRA;40118;SUMAREZINHO QUARTA-FEIRA;RUA CAYOWAA, 2008,SUMAREZINHO,SÃO PAULO
QUARTA-FEIRA;40134;ALTO DE VILA POMPEIA QUARTA-FEIRA;RUA TAVARES BASTOS, 901,VL POMPEIA,SÃO PAULO
QUARTA-FEIRA;40282;PIO XI QUARTA-FEIRA;RUA SALES JUNIOR, 555,ALTO DA LAPA,SÃO PAULO
QUARTA-FEIRA;40363;VILA JAGUARA QUARTA-FEIRA;RUA CACHOEIRA DO SUL, 26,VL JAGUARA,SÃO PAULO
QUARTA-FEIRA;40487;VILA HAMBURGUESA QUARTA-FEIRA;RUA LAURO MULLER, 12,VL HAMBURGUESA,SÃO PAULO
QUINTA-FEIRA;50105;JOAO RAMALHO QUINTA-FEIRA;RUA AIMBERE, 401,PERDIZES,SÃO PAULO
QUINTA-FEIRA;50253;AGUA BRANCA QUINTA-FEIRA;RUA SILVEIRA RODRIGUES, 38,VL ROMANA,SÃO PAULO
QUINTA-FEIRA;50300;ALTO DA LAPA QUINTA-FEIRA;RUA DOM JOAO V, 85,ALTO DA LAPA,SÃO PAULO
QUINTA-FEIRA;50369;VILA LEOPOLDINA QUINTA-FEIRA;RUA ALIANCA LIBERAL, 603,VL LEOPOLDINA,SÃO PAULO
QUINTA-FEIRA;50687;LAGEADO QUINTA-FEIRA;AV ARAICAS, 254,JAGUARE,SÃO PAULO
SEXTA-FEIRA;60259;VILA IPOJUCA SEXTA-FEIRA;RUA SALVADOR CARUSO, 705,VL IPOJUCA,SÃO PAULO
SEXTA-FEIRA;60437;VILA POMPEIA SEXTA-FEIRA;RUA MIN FERREIRA ALVES, 340,VL POMPEIA,SÃO PAULO
SÁBADO;70190;ALTO DE VILA POMPEIA SÁBADO;RUA BARAO DO BANANAL, 1865,VL POMPEIA,SÃO PAULO
SÁBADO;73903;CENTRAL PARK LAPA SÁBADO;RUA DOM ROMEU ALBERTI,LAPA DE BAIXO,SÃO PAULO
DOMINGO;10022;CONCORDIA DOMINGO;RUA CONSELHEIRO BELISARIO, S/N,BRAS,SÃO PAULO
DOMINGO;10057;MOOCA MODERNA DOMINGO;RUA DOS TRILHOS, S/N,BRESSER,SÃO PAULO
DOMINGO;10065;TOLEDO BARBOSA DOMINGO;RUA BELARMINO MATOS, S/N,QUARTA PARADA,SÃO PAULO
DOMINGO;10081;MAE DO CEU DOMINGO;RUA TUIUTI, 2753,TATUAPE,SÃO PAULO
DOMINGO;10138;PIRASSUNUNGA DOMINGO;RUA TEREZINA, 615,ALTO DA MOOCA,SÃO PAULO
DOMINGO;10464;VILA DIVA DOMINGO;RUA BUENOPOLIS, 62,VL DIVA,SÃO PAULO
TERÇA-FEIRA;30066;SILVA TELLES TERÇA-FEIRA;RUA DR CARLOS GUIMARAES, S/N,BELEM,SÃO PAULO
TERÇA-FEIRA;30074;MORAES BARROS TERÇA-FEIRA;RUA FIRMIANO PINTO, S/N,BRAZ,SÃO PAULO
TERÇA-FEIRA;30104;PARQUE DA MOOCA TERÇA-FEIRA;RUA CONDE PRATES, 10,PQ DA MOOCA,SÃO PAULO
TERÇA-FEIRA;30120;FERNANDES FALCAO TERÇA-FEIRA;RUA PIRES DE CAMPOS, 24,MOOCA,SÃO PAULO
TERÇA-FEIRA;30139;AGUA RASA TERÇA-FEIRA;RUA DECIO ABRAMO, 17,AGUA RASA,SÃO PAULO
TERÇA-FEIRA;30155;TATUAPE TERÇA-FEIRA;RUA ANDRE VIDAL, 22,TATUAPE,SÃO PAULO
TERÇA-FEIRA;30244;MARANHAO TERÇA-FEIRA;RUA MATEUS GOMES, S/N,TATUAPE,SÃO PAULO
TERÇA-FEIRA;30520;VILA EMA TERÇA-FEIRA;RUA DR JOAO BIZARRO DA NAVE, S/N,VL EMA,SÃO PAULO
TERÇA-FEIRA;30732;CACHOEIRA TERÇA-FEIRA;RUA CAP MOR PASSOS, 225,PARI,SÃO PAULO
QUARTA-FEIRA;40037;CONCORDIA QUARTA-FEIRA;RUA SAMPSON, S/N,BRAS,SÃO PAULO
QUARTA-FEIRA;40045;MOOCA MODERNA QUARTA-FEIRA;RUA DOS TRILHOS, 869,MOOCA,SÃO PAULO
QUARTA-FEIRA;40053;CANINDE QUARTA-FEIRA;RUA VIDAL DE NEGREIROS, 76,CANINDE,SÃO PAULO
QUARTA-FEIRA;40100;MOOCA QUARTA-FEIRA;RUA MADRE DE DEUS, 604,MOOCA,SÃO PAULO
QUARTA-FEIRA;40207;UMUARAMA QUARTA-FEIRA;RUA MIN SALGADO FILHO, 485,VL ORATORIO,SÃO PAULO
QUARTA-FEIRA;40215;PRACA DAS ROSAS QUARTA-FEIRA;RUA LUIZA CANERO, 6,VL CANERO,SÃO PAULO
QUARTA-FEIRA;40223;RODRIGUES BARBOSA QUARTA-FEIRA;RUA SEBASTIAO BARBOSA, 333,TATUAPE,SÃO PAULO
QUARTA-FEIRA;40231;PRACA LUZITANIA QUARTA-FEIRA;RUA AIRI, 437,TATUAPE,SÃO PAULO
QUARTA-FEIRA;41106;VILA SAO CARLOS QUARTA-FEIRA;RUA ERNESTO GIULIANO, 23,VL SAO CARLOS,SÃO PAULO
QUINTA-FEIRA;50067;PAULO ANDREGUETTI QUINTA-FEIRA;RUA SILVA TELES, 1528,BELENZINHO,SÃO PAULO
QUINTA-FEIRA;50075;BELEM QUINTA-FEIRA;RUA IRMA CAROLINA, S/N,BELENZINHO,SÃO PAULO
QUINTA-FEIRA;50083;TRILHOS QUINTA-FEIRA;RUA PROF MACHADO TOLOSA, S/N,BELENZINHO,SÃO PAULO
QUINTA-FEIRA;50156;VILA BERTIOGA QUINTA-FEIRA;RUA FLORIANOPOLIS, S/N,ALTO DA MOOCA,SÃO PAULO
QUINTA-FEIRA;50164;VILA PRUDENTE QUINTA-FEIRA;RUA DOMINGOS DA FONSECA, 321,VL PRUDENTE,SÃO PAULO
QUINTA-FEIRA;50172;MAE DO CEU QUINTA-FEIRA;RUA VISCONDE DE ITABORAY, 233,TATUAPE,SÃO PAULO
QUINTA-FEIRA;50180;VILA ORATORIO QUINTA-FEIRA;RUA SILVA COUTINHO, S/N,VL PRUDENTE,SÃO PAULO
QUINTA-FEIRA;50296;ANTONIO DE BARROS QUINTA-FEIRA;RUA PLATINA, 815,TATUAPE,SÃO PAULO
SEXTA-FEIRA;60046;JULIO RIBEIRO SEXTA-FEIRA;RUA HENRIQUE DIAS, S/N,BRAZ,SÃO PAULO
SEXTA-FEIRA;60186;PANTOJO SEXTA-FEIRA;RUA BOM JESUS, S/N,ALTO DA MOOCA,SÃO PAULO
SEXTA-FEIRA;60194;MARIA CANDIDA SEXTA-FEIRA;RUA ANTONIO CAMARDO, 1625,TATUAPE,SÃO PAULO
SEXTA-FEIRA;60275;SAO JORGE SEXTA-FEIRA;RUA SANTA CATARINA, 284,TATUAPE,SÃO PAULO
SÁBADO;70033;PARI SÁBADO;RUA MENDES GONCALVES, 82,PARI,SÃO PAULO
SÁBADO;70076;MOOCA SÁBADO;RUA TABAJARAS, S/N,MOOCA,SÃO PAULO
SÁBADO;70092;VILA LESTE SÁBADO;RUA VALENTIM MAGALHAES, 300,VL LESTE,SÃO PAULO
SÁBADO;70106;ITAMARACA SÁBADO;RUA SERRA DE JAIRE, S/N,ALTO DA MOOCA,SÃO PAULO
SÁBADO;70114;IRMA CAROLINA SÁBADO;RUA ENG REINALDO CAJADO, 215,BELENZINHO,SÃO PAULO
SÁBADO;70564;VILA INVERNADA SÁBADO;RUA DOM PEDRO I, S/N,VL INVERNADA,SÃO PAULO
SÁBADO;70890;CHACARA MARANHAO SÁBADO;RUA ADELINO DE ALMEIDA CASTILHO, 782,TATUAPE,SÃO PAULO
SÁBADO;71536;BRAS MODERNA SÁBADO;RUA TORQUATO NETO, S/N,BRAS,SÃO PAULO
SÁBADO;72613;METRO CARRAO SÁBADO;RUA DR CORINTO BALDOINO COSTA,VL ZILDA,SÃO PAULO
DOMINGO;10324;PENHA DOMINGO;RUA OMACHA, 530,PENHA,SÃO PAULO
DOMINGO;10340;VILA DALILA DOMINGO;PC BAUXITA, 95,VL DALILA,SÃO PAULO
DOMINGO;10359;MARIA CARLOTA DOMINGO;RUA NILZA, S/N,VL ESPERANCA,SÃO PAULO
DOMINGO;10367;ARTUR ALVIM DOMINGO;RUA BENEDITO LEAL, 117,PQ ARTUR ALVIM,SÃO PAULO
DOMINGO;10685;EDIMBURGO DOMINGO;RUA GOITA, 130,CANGAIBA,SÃO PAULO
DOMINGO;11380;VILA SAO LOURENCO DOMINGO;PC DO HORTICULTORES, 415,ENG GOULART,SÃO PAULO
DOMINGO;11436;VILA SILVIA DOMINGO;RUA PASTORIL DE ITAPETINGA, 12,VL SILVIA,SÃO PAULO
DOMINGO;11509;CEZAR DIAS DOMINGO;RUA CESAR DIAS, S/N,ITAQUERA,SÃO PAULO
TERÇA-FEIRA;30430;MIRANDINHA TERÇA-FEIRA;RUA MIRANDINHA, 399,PENHA,SÃO PAULO
TERÇA-FEIRA;30449;OURO TERÇA-FEIRA;RUA MIGUEL GARCIA, 354,VL PAULISTANIA,SÃO PAULO
TERÇA-FEIRA;30481;VILA NOVA GRANADA TERÇA-FEIRA;RUA FRANCISCO DE OLIVEIRA BRAGA, 13,VL NOVA GRANADA,SÃO PAULO
TERÇA-FEIRA;30490;VILA GUILHERMINA TERÇA-FEIRA;RUA ASSIS VALENTE, 640,VL GUILHERMINA,SÃO PAULO
TERÇA-FEIRA;30503;JARDIM TRES MARIAS TERÇA-FEIRA;RUA MUNICIPAL, 1213,TRES MARIA,SÃO PAULO
TERÇA-FEIRA;30759;VILA TALARICO TERÇA-FEIRA;RUA BENTO QUIRINO, 399,VL TALARICO,SÃO PAULO
TERÇA-FEIRA;30821;JARDIM COIMBRA TERÇA-FEIRA;RUA PITAGORAS, 579,JD COIMBRA,SÃO PAULO
TERÇA-FEIRA;30988;JARDIM DANFER TERÇA-FEIRA;RUA JOSE DA PENHA, 8,JD DANFER,SÃO PAULO
TERÇA-FEIRA;31399;CANGAIBA TERÇA-FEIRA;RUA BARTOLOMEU QUADROS, S/N,CANGAIBA,SÃO PAULO
QUARTA-FEIRA;40371;PENHA QUARTA-FEIRA;RUA PEDRO ALEGRETTI, 512,PENHA,SÃO PAULO
QUARTA-FEIRA;40380;MARIA CARLOTA QUARTA-FEIRA;RUA MARIA CARLOTA, S/N,PENHA,SÃO PAULO
QUARTA-FEIRA;40398;PELAGIO MARQUEZ QUARTA-FEIRA;RUA DURVALINA, 2,VL MATILDE,SÃO PAULO
QUARTA-FEIRA;40630;ENGENHEIRO TRINDADE QUARTA-FEIRA;RUA ENG TRINDADE, 5,PENHA,SÃO PAULO
QUARTA-FEIRA;40657;PRACA ARTUR ALVIM QUARTA-FEIRA;RUA BENEDITO LEAL, 334,ARTUR ALVIM,SÃO PAULO
QUARTA-FEIRA;40703;PATROCINIO PAULISTA QUARTA-FEIRA;RUA IVAN MAIA VASCONCELOS, 183,JD TRIANA,SÃO PAULO
QUARTA-FEIRA;41130;VILA NHOCUNE QUARTA-FEIRA;RUA MADRE LUISA DOS ANJOS, 25,VL NHOCUNE,SÃO PAULO
QUARTA-FEIRA;43800;TIQUATIRA QUARTA-FEIRA;RUA PAULO MARQUES,VILA VIDAL,SÃO PAULO
QUARTA-FEIRA;43907;ITAQUERA QUARTA-FEIRA;RUA ANDREA FELICIANI,ARTUR ALVIM,SÃO PAULO
QUINTA-FEIRA;50415;ENGENHEIRO GOULART QUINTA-FEIRA;RUA DR AUGUSTO S LOPES, 200,ENG GOULART,SÃO PAULO
QUINTA-FEIRA;50440;JARDIM NORDESTE QUINTA-FEIRA;AV MARAIAL, 323,JD NORDESTE,SÃO PAULO
QUINTA-FEIRA;50989;PADRE JOSE DE ANCHIETA QUINTA-FEIRA;RUA SILVIO TORRES, S/N,ITAQUERA COHAB I,SÃO PAULO
QUINTA-FEIRA;51063;RUI BARBOSA QUINTA-FEIRA;AV DA JUSTICA, 3,VL RUI BARBOSA,SÃO PAULO
SEXTA-FEIRA;60291;NOSSA SENHORA DE FATIMA SEXTA-FEIRA;PC MARIA HELENA BONELLI PALMA, 143,VILA RUI BARBOSA,SÃO PAULO
SEXTA-FEIRA;60305;GUAIAUNA SEXTA-FEIRA;RUA EDGARD DE SOUZA, 82,VL ARICANDUVA,SÃO PAULO
SEXTA-FEIRA;60364;VILA SINANDUVA SEXTA-FEIRA;RUA SINANDUVA, 504,VL MARIETA,SÃO PAULO
SEXTA-FEIRA;60372;VILA GUILHERMINA SEXTA-FEIRA;RUA SANTO ALEXANDRE, S/N,VL GUILHERMINA,SÃO PAULO
SEXTA-FEIRA;60429;JARDIM MARINGA SEXTA-FEIRA;RUA MENDONCA DRUMONT, 185,JD MARINGA,SÃO PAULO
SEXTA-FEIRA;60470;VILA RE SEXTA-FEIRA;RUA MUNICIPAL, 19,VL RE,SÃO PAULO
SEXTA-FEIRA;60666;VILA NHOCUNE SEXTA-FEIRA;RUA SAO VITORIO, 79,VL NHOCUNE,SÃO PAULO
SEXTA-FEIRA;60690;VILA CISPER SEXTA-FEIRA;RUA JOSE GOMES FARIA, 23,VL CISPER,SÃO PAULO
SEXTA-FEIRA;61727;CONJUNTO HABIT VILA SILVIA SEXTA-FEIRA;RUA SERRA VERDE,VILA SILVIA,SÃO PAULO
SEXTA-FEIRA;63908;PRACA DO CERQUILHO SEXTA-FEIRA;PC DANILO JOSE FERNANDES,PENHA,SÃO PAULO
SÁBADO;70319;VILA CAREZZI SÁBADO;RUA GENERAL SOCRATES, 32,PENHA,SÃO PAULO
SÁBADO;70327;VILA SANTANA SÁBADO;RUA ENEAS DE BARROS, 425,VL SANTANA,SÃO PAULO
SÁBADO;70335;JOSE MASCARENHAS SÁBADO;AV MELCHERT, 1515,VL MATILDE,SÃO PAULO
SÁBADO;70378;CIDADE PATRIARCA SÁBADO;RUA CACHOEIRA PAULISTA, 80,CID PATRIARCA,SÃO PAULO
SÁBADO;70505;CIDADE A E CARVALHO SÁBADO;RUA TALES DE MILETO, 392,CID A E CARVALHO,SÃO PAULO
SÁBADO;71064;PADRE MANOEL DA NOBREGA SÁBADO;RUA PDE FRANCISCO DE TOLEDO, S/N,ITAQUERA COHAB I,SÃO PAULO
SÁBADO;71161;IMPERIAL SÁBADO;AV GENTIL BRAGA, 38,VL BUENOS AYRES,SÃO PAULO
SÁBADO;71463;PRACA SANTA QUITERIA SÁBADO;RUA JOSE ALOYSIO BRANDAO VILELA, S/N,JD NORDESTE,SÃO PAULO
SÁBADO;72141;JARDIM PIRATININGA SÁBADO;RUA ADELINA LINHARES, S/N,JD PIRATININGA,SÃO PAULO
DOMINGO;10596;VILA OLIMPIA DOMINGO;RUA HELION POVOA, 165,VL OLIMPIA,SÃO PAULO
DOMINGO;10812;CIDADE MONCOES DOMINGO;AV NOVA INDEPENDENCIA, S/N,CID MONCOES,SÃO PAULO
DOMINGO;11339;HEITOR PENTEADO DOMINGO;RUA OSCAR FREIRE, 1850,SUMARE,SÃO PAULO
DOMINGO;11983;HADDOCK LOBO DOMINGO;AL LORENA, S/N,JD AMERICA,SÃO PAULO
TERÇA-FEIRA;30279;BREJO ALEGRE TERÇA-FEIRA;RUA INDIANA, 1428,STO AMARO,SÃO PAULO
TERÇA-FEIRA;30457;BROOKLIM PAULISTA TERÇA-FEIRA;RUA ROQUE PETRELA,BROOKLIM PAULISTA,SÃO PAULO
TERÇA-FEIRA;30651;PINHEIROS TERÇA-FEIRA;PC BENEDITO CALIXTO, 251,PINHEIROS,SÃO PAULO
TERÇA-FEIRA;31372;CHACARA ITAIM TERÇA-FEIRA;RUA PROF TAMANDARE DE TOLEDO, S/N,JD PAULISTA,SÃO PAULO
QUARTA-FEIRA;40690;JARDIM DAS BANDEIRAS QUARTA-FEIRA;RUA LUMINARIAS, S/N,JD DAS BANDEIRAS,SÃO PAULO
QUARTA-FEIRA;40746;EPEIRA QUARTA-FEIRA;RUA PDE ARTUR SOMENSI, 48,VL BEATRIZ,SÃO PAULO
QUARTA-FEIRA;40797;CIDADE MONCOES QUARTA-FEIRA;RUA PENSYLVANIA, S/N,CID MONCOES,SÃO PAULO
QUARTA-FEIRA;41564;FERNAO CARDIM QUARTA-FEIRA;RUA FERNAO CARDIM, S/N,CERQUEIRA CESAR,SÃO PAULO
QUINTA-FEIRA;50059;JARDIM AMERICA QUINTA-FEIRA;RUA BARAO DE CAPANEMA, S/N,JD AMERICA,SÃO PAULO
QUINTA-FEIRA;50148;CERQUEIRA CEZAR QUINTA-FEIRA;RUA ANTONIO BICUDO, 50,CERQUEIRA CEZAR,SÃO PAULO
QUINTA-FEIRA;50520;PORTO QUINTA-FEIRA;RUA JOAO CACHOEIRA, 1643,VL OLIMPIA,SÃO PAULO
QUINTA-FEIRA;50571;AMARO CAVALHEIRO QUINTA-FEIRA;RUA AMARO CAVALHEIRO, S/N,PINHEIROS,SÃO PAULO
QUINTA-FEIRA;50601;VILA IDA QUINTA-FEIRA;RUA REALENGO, S/N,VL IDA,SÃO PAULO
SEXTA-FEIRA;60062;JARDIM PAULISTA SEXTA-FEIRA;RUA CAP PINTO FERREIRA, S/N,JD PAULISTA,SÃO PAULO
SEXTA-FEIRA;60453;VILA UBERABINHA SEXTA-FEIRA;RUA BALUARTE, 514,VL OLIMPIA,SÃO PAULO
SEXTA-FEIRA;60631;BROOKLIN PAULISTA SEXTA-FEIRA;RUA GODOI COLACO, 1016,BROOKLIN PAULISTA,SÃO PAULO
SEXTA-FEIRA;60640;DARDANELOS SEXTA-FEIRA;RUA DARDANELOS, 306,LAPA,SÃO PAULO
SÁBADO;70173;IGUATEMI SÁBADO;RUA SAO MARUM, 520,ITAIM BIBI,SÃO PAULO
SÁBADO;70181;VILA MADALENA SÁBADO;RUA MOURATO COELHO, S/N,VL MADALENA,SÃO PAULO
DOMINGO;10413;VILA BONILHA DOMINGO;RUA ANTONIO CORREIA, 618,VL BONILHA,SÃO PAULO
DOMINGO;11410;JARDIM SAO JOAO DOMINGO;RUA PASTORIL DE ALMENARA, S/N,PQ PAN AMERICANO,SÃO PAULO
DOMINGO;11975;JARDIM JOSE MARIA DOMINGO;RUA SALTO DE ITARARE, S/N,JD JOSE MARIA,SÃO PAULO
DOMINGO;12440;JARDIM CITY JARAGUA DOMINGO;RUA SAMUEL BOVY, 00S/N,JARDIM CITY JARAGUA,SÃO PAULO
DOMINGO;13900;SANTA MONICA DOMINGO;RUA AMILCAR DE MAGALHAES,PIRITUBA,SÃO PAULO
TERÇA-FEIRA;30678;JARDIM SAO JOSE TERÇA-FEIRA;RUA PDE MARIANO RONCHI, 1,JD SAO JOSE,SÃO PAULO
TERÇA-FEIRA;30783;PARQUE SAO DOMINGOS TERÇA-FEIRA;RUA BRIG HENRIQUE FORTINELLI, 132,PQ SAO DOMINGUES,SÃO PAULO
TERÇA-FEIRA;31470;PARQUE NACOES UNIDAS TERÇA-FEIRA;RUA CIRIACO JIMENEZ, S/N,PQ NACOES UNIDAS,SÃO PAULO
TERÇA-FEIRA;31585;VILA AURORA TERÇA-FEIRA;RUA ALEIXOS JAFET,VILA AURORA,SÃO PAULO
QUARTA-FEIRA;40290;PIQUERI QUARTA-FEIRA;RUA SALVADOR SALA, 425,PIQUERI,SÃO PAULO
QUARTA-FEIRA;40665;CHACARA INGLESA QUARTA-FEIRA;RUA PEDRO MARIGLIANI, 23,CHAC INGLESA,SÃO PAULO
QUARTA-FEIRA;40878;JARDIM REGINA QUARTA-FEIRA;RUA PDE MARCIGAGLIA, 19,JD REGINA,SÃO PAULO
QUARTA-FEIRA;40940;JARDIM PANAMERICANO QUARTA-FEIRA;RUA ANTONIO SEBASTIAO SOBRINHO, 480,PQ PAN AMERICANO,SÃO PAULO
QUARTA-FEIRA;41246;JARDIM IPANEMA QUARTA-FEIRA;RUA VASCO BALBOA, S/N,JD IPANEMA,SÃO PAULO
QUARTA-FEIRA;41289;JARDIM CIDADE PIRITUBA QUARTA-FEIRA;RUA GONCALVES DE BARROS, S/N,JD PIRITUBA,SÃO PAULO
QUARTA-FEIRA;41866;PIRITUBA QUARTA-FEIRA;AV ELISIO CORDEIRO DE SIQUEIRA,JARIDM,SÃO PAULO
QUINTA-FEIRA;50393;JARDIM SAO JOSE QUINTA-FEIRA;RUA VIGARIO DE GODOY, 11,VL ZATT,SÃO PAULO
QUINTA-FEIRA;50555;VILA MANGALOT QUINTA-FEIRA;RUA SANDOVAL FERREIRA CABRAL, S/N,VL JAGUARA,SÃO PAULO
QUINTA-FEIRA;50660;ESTRADA DA PARADA QUINTA-FEIRA;RUA FRAGATA DA CONSTITUICAO, 1,PARADA DE TAIPAS,SÃO PAULO
QUINTA-FEIRA;50865;ANHEMBI QUINTA-FEIRA;RUA COLONIAL DO IRAI, 250,JD MAGGI,SÃO PAULO
QUINTA-FEIRA;51810;JARDIM SANTA MONICA QUINTA-FEIRA;AV SANTA MONICA,JARDIM SANTA MONICA,SÃO PAULO
SEXTA-FEIRA;60534;MUTINGA SEXTA-FEIRA;RUA MARIA LUCIA DUARTE, 35,VL MUTINGA,SÃO PAULO
SEXTA-FEIRA;60658;JARAGUA SEXTA-FEIRA;RUA LAVRINHA, 18,VL JARAGUA,SÃO PAULO
SEXTA-FEIRA;61387;JARDIM RINCAO SEXTA-FEIRA;RUA DR CARMELO D'AGOSTINHO, S/N,JD RINCAO,SÃO PAULO
SEXTA-FEIRA;61700;SERRA DO CACHIMBO SEXTA-FEIRA;RUA SERRA DO CACHIMBO, 00S/N,JARDIM VITORIA,SÃO PAULO
SEXTA-FEIRA;63800;PARADA DE TAIPAS SEXTA-FEIRA;RUA JOSE PIZZA,PARADA DE TAIPAS,SÃO PAULO
SEXTA-FEIRA;64009;JARDIM MARISA SEXTA-FEIRA;RUA JOSE PEREIRA FALCAO,JARDIM MARISA,SÃO PAULO
SÁBADO;70289;PIRITUBA SÁBADO;RUA SANTA CRUZ DE LA SIERRA, 1,PIRITUBA,SÃO PAULO
SÁBADO;70610;VILA MIRANTE SÁBADO;RUA POVOADO DO RIO NOVO, 15,VL MIRANTE,SÃO PAULO
SÁBADO;70645;JARDIM MONTE ALEGRE SÁBADO;RUA JURUBIM, 10,PIRITUBA,SÃO PAULO
SÁBADO;70653;PRACA VISTA ALEGRE SÁBADO;RUA JOSE ATALIBA ORTIZ, 32,VL MANGALOT,SÃO PAULO
SÁBADO;71021;JARDIM DA FELICIDADE SÁBADO;RUA LAUDELINO VIEIRA DE CAMPOS, 146,JD DA FELICIDADE,SÃO PAULO
SÁBADO;71099;CIDADE D ABRIL SÁBADO;RUA MAURO ARAUJO RIBEIRO, 46,CID D ABRIL,SÃO PAULO
SÁBADO;71390;JARDIM MARILU SÁBADO;RUA MAXIMO BARBOSA, S/N,JD MARILU,SÃO PAULO
SÁBADO;71579;JARDIM N SRA APARECIDA SÁBADO;RUA LARANJEIRAS DO SUL, S/N,PIRITUBA,SÃO PAULO
SÁBADO;71706;FEIRAO ESPECIAL DE PIRITUBA SÁBADO;PC MONSENHOR ESCRIVA, S/N,JD SAO JOSE,SÃO PAULO
SÁBADO;72001;COHAB PAULISTANO SÁBADO;RUA VALE DO SOL,PARADA DE TAIPAS,SÃO PAULO
SÁBADO;72400;VILA NOVA ESPERANCA SÁBADO;RUA CALDAS NOVAS,VILA NOVA ESPERANCA,SÃO PAULO
DOMINGO;11266;JARDIM DO RUSSO DOMINGO;RUA ENG NOGUEIRA SOARES, 45,JD DO RUSSO,SÃO PAULO
DOMINGO;12181;JARDIM BRITANIA DOMINGO;RUA FLORENCIO CARPI, S/N,JD BRITANIA,SÃO PAULO
DOMINGO;12300;VILA FANTON DOMINGO;RUA FELIPE CARDOSO CAMPOS, S/N,VL FANTON,SÃO PAULO
TERÇA-FEIRA;30538;PERUS TERÇA-FEIRA;RUA JOAO BATISTIA FANTON, 3,VL FONTON,SÃO PAULO
QUINTA-FEIRA;51853;VILA CAIUBA QUINTA-FEIRA;RUA IRITUA,VILA CAIUBA,SÃO PAULO
SEXTA-FEIRA;60720;VILA OPERARIA SEXTA-FEIRA;RUA RAPHAEL DI SANDRO, 13,PERUS,SÃO PAULO
SEXTA-FEIRA;61239;VILA MALVINA SEXTA-FEIRA;RUA TIBURNO, S/N,VL MALVINA,SÃO PAULO
SEXTA-FEIRA;61514;PERUS SEXTA-FEIRA;RUA ANTONIO BARTOLOMEU, S/N,VL PERUS,SÃO PAULO
SÁBADO;72036;JARDIM JARAGUA SÁBADO;RUA PRESIDENTE FELIX PAIVA, S/N,JD JARAGUA,SÃO PAULO
SÁBADO;72257;RECANTO DOS HUMILDES SÁBADO;RUA RECANTO DOS HUMILDES, S/N,RECANTO DOS HUMILDES,SÃO PAULO
DOMINGO;10146;MANDAQUI DOMINGO;AV ENGENHEIRO CAETANO ALVARES, S/N,MANDAQUI,SÃO PAULO
DOMINGO;10189;SANTA TEREZINHA DOMINGO;RUA VICENTE SOARES, S/N,STA TEREZINHA,SÃO PAULO
DOMINGO;10235;TUCURUVI DOMINGO;RUA CASA FORTE, S/N,TUCURUVI,SÃO PAULO
DOMINGO;10510;JARDIM TREMEMBE DOMINGO;RUA MERE MARIE ANNAIS DO SION, S/N,VL NOVA MAZZEI,SÃO PAULO
DOMINGO;10529;VILA GUSTAVO DOMINGO;RUA CANEDOS, S/N,VILA GUSTAVO,SÃO PAULO
TERÇA-FEIRA;30317;AGUA FRIA TERÇA-FEIRA;RUA AURELIANO LEAL, S/N,AGUA FRIA,SÃO PAULO
TERÇA-FEIRA;30325;PARQUE VITORIA TERÇA-FEIRA;AV MAESTRO VILA LOBOS, 917,PQ VITORIA,SÃO PAULO
TERÇA-FEIRA;30589;ITAICY TERÇA-FEIRA;RUA ITAICY, S/N,STA TEREZINHA,SÃO PAULO
TERÇA-FEIRA;34002;MANDAQUI TERÇA-FEIRA;RUA GENERAL JOSE ALMEIDA BOTELHO,MANDAQUI,SÃO PAULO
QUARTA-FEIRA;40150;SANTANA QUARTA-FEIRA;RUA GABRIEL PIZZA, S/N,SANTANA,SÃO PAULO
QUARTA-FEIRA;40169;JARDIM SAO BENTO QUARTA-FEIRA;RUA CAP MANOEL NOVAES, S/N,JD SAO BENTO,SÃO PAULO
QUARTA-FEIRA;40177;CHORA MENINO QUARTA-FEIRA;RUA DR EUGENIO FORTES COELHO, S/N,CHORA MENINO,SÃO PAULO
QUARTA-FEIRA;40320;TANQUE VELHO QUARTA-FEIRA;RUA TANQUE VELHO, 455,VL GUSTAVO,SÃO PAULO
QUARTA-FEIRA;40339;CONEGO LADEIRA QUARTA-FEIRA;RUA ARAGAO, S/N,VL MAZZEI,SÃO PAULO
QUARTA-FEIRA;40622;SANTA INES QUARTA-FEIRA;RUA ANA DE BARROS, S/N,STA INES,SÃO PAULO
QUARTA-FEIRA;41017;CABUCU QUARTA-FEIRA;RUA MARIA DO CARMO SENE, S/N,VL PAULICEIA,SÃO PAULO
QUARTA-FEIRA;41254;JOAO PESSOA QUARTA-FEIRA;RUA RIBEIRAO DO SALTO, S/N,LAUSANE PAULISTA,SÃO PAULO
QUARTA-FEIRA;41335;PALMAS DO TREMEMBE QUARTA-FEIRA;PC ANTONIO JOSE DE ARAUJO, S/N,PALMAS DO TREMEMBE,SÃO PAULO
QUINTA-FEIRA;50261;MANOEL SOVERAL QUINTA-FEIRA;RUA ANTONIO PEREIRA DE SOUZA, S/N,SANTANA,SÃO PAULO
QUINTA-FEIRA;50326;ALTO DO MANDAQUI QUINTA-FEIRA;RUA ALVARO GOMES, S/N,SANTANA,SÃO PAULO
QUINTA-FEIRA;53805;SANTANA QUINTA-FEIRA;AV ENGENHEIRO CAETANO ALVARES,SANTANA,SÃO PAULO
SEXTA-FEIRA;60127;AREAL SEXTA-FEIRA;RUA TUPIGUAES, S/N,SANTANA,SÃO PAULO
SEXTA-FEIRA;60208;CHORA MENINO SEXTA-FEIRA;RUA PROF LOURIVAL GOMES MACHADO, S/N,VL STA TEREZINHA,SÃO PAULO
SEXTA-FEIRA;60216;JARDIM SAO PAULO SEXTA-FEIRA;RUA PROF JOAQUIM OZORIO DE AZEVEDO, S/N,JD SAO PAULO,SÃO PAULO
SEXTA-FEIRA;60402;AV SAO PAULO SEXTA-FEIRA;AV MAESTRO VILLA LOBOS, 3881,TUCURUVI,SÃO PAULO
SEXTA-FEIRA;60712;VILA AURORA SEXTA-FEIRA;RUA ALBERTINA VIEIRA DA S GORDO, S/N,VL AURORA,SÃO PAULO
SÁBADO;70203;IMIRIM SÁBADO;RUA FRANCISCA BIRIBA, S/N,IMIRIM,SÃO PAULO
SÁBADO;70211;SANTANA SÁBADO;RUA PEDRO RIBEIRO, S/N,SANTANA,SÃO PAULO
SÁBADO;70467;VILA CONSTANCIA SÁBADO;RUA SEBASTIAO DE FREITAS, 246,VL CONSTANCA,SÃO PAULO
SÁBADO;70548;BORGES SÁBADO;RUA CRUZ DE MALTA, 312,RODRIGUES ALVES,SÃO PAULO
SÁBADO;70556;LAUZANE PAULISTA SÁBADO;RUA DONA MARIA CUSTODIA, S/N,LAUZANE PAULISTA,SÃO PAULO
SÁBADO;70580;SANTO ANTONIO SÁBADO;PC SALVADOR TOLEZANO, S/N,LAUZANE PAULISTA,SÃO PAULO
SÁBADO;70920;HERISON SÁBADO;RUA HERISON, S/N,LAUZANE PAULISTA,SÃO PAULO
DOMINGO;10774;CAMPO GRANDE DOMINGO;RUA ARNALDO MAGNICARO, 398,JD JURUBATUBA,SÃO PAULO
DOMINGO;10901;SANTO AMARO DOMINGO;AV MARIO LOPES LEAO, 700,STO AMARO,SÃO PAULO
DOMINGO;12050;FEIRAO ECON C DE PORTO ALEGRE DOMINGO;RUA CONDE DE PORTO ALEGRE, S/N,CAMPO BELO,SÃO PAULO
TERÇA-FEIRA;30163;JOAO DIAS TERÇA-FEIRA;RUA DO CARREIRO DE PEDRA, 98,VL CRUZEIRO,SÃO PAULO
TERÇA-FEIRA;31291;GIL EANES TERÇA-FEIRA;RUA GIL EANES, S/N,CAMPO BELO,SÃO PAULO
QUARTA-FEIRA;40509;CAMPO BELO QUARTA-FEIRA;RUA BARAO DE JACEGUAI, 1768,STO AMARO,SÃO PAULO
QUARTA-FEIRA;40525;CHACARA SANTO ANTONIO QUARTA-FEIRA;RUA ALEXANDRE DUMAS, 1316,CHAC STO ANTONIO,SÃO PAULO
QUARTA-FEIRA;40835;PIRAQUARA QUARTA-FEIRA;RUA CRISTOVAO PEREIRA, 1223,CAMPO BELO,SÃO PAULO
QUARTA-FEIRA;40851;VILA ISA QUARTA-FEIRA;RUA AMOIPIRA, S/N,VL ISA,SÃO PAULO
QUINTA-FEIRA;50024;JARDIM AEROPORTO QUINTA-FEIRA;RUA TAPES, 683,JD AEROPORTO,SÃO PAULO
QUINTA-FEIRA;50598;BROOKLIN PAULISTA QUINTA-FEIRA;RUA CONDE DE PORTO ALEGRE, 762,CAMPO BELO,SÃO PAULO
QUINTA-FEIRA;50717;CONGONHAS QUINTA-FEIRA;AV INVERNADA, 351,CONGONHAS,SÃO PAULO
QUINTA-FEIRA;50741;MONARK QUINTA-FEIRA;RUA DA PAZ, 1201,CHAC STO ANTONIO,SÃO PAULO
QUINTA-FEIRA;51870;SANTO AMARO QUINTA-FEIRA;RUA SAO BENEDITO,SANTO AMARO,SÃO PAULO
SEXTA-FEIRA;60755;DEODORO SEXTA-FEIRA;RUA COMEN ELIAS ZARZUR, S/N,STO AMARO,SÃO PAULO
SEXTA-FEIRA;60763;JARDIM CONSORCIO SEXTA-FEIRA;RUA JOAO BATISTA DI VITORIANO, 150,JD CONSORCIO,SÃO PAULO
SEXTA-FEIRA;60801;VILA ARRIETE SEXTA-FEIRA;RUA ORLANDO PINTO RIBEIRO, 277,VL ARRIETE,SÃO PAULO
SEXTA-FEIRA;60976;VILA SAO PEDRO SEXTA-FEIRA;PC ALEXANDRE N AKSAKOF, 777,VL SAO PEDRO,SÃO PAULO
SEXTA-FEIRA;61611;CHACARA FLORA SEXTA-FEIRA;RUA FREI CANISIO, S/N,VL SOFIA,SÃO PAULO
SEXTA-FEIRA;63606;SANTO AMARO SEXTA-FEIRA;AV PROF ALCEU MAYNARD ARAUJO,VARZEA DE BAIXO,SÃO PAULO
SÁBADO;70084;CONJUNTO ASTOR SÁBADO;RUA HELADE, S/N,VL STA CATARINA,SÃO PAULO
SÁBADO;70165;PARQUE JABAQUARA SÁBADO;RUA BONIFACIO DE ABREU, S/N,PQ JABAQUARA,SÃO PAULO
SÁBADO;70424;IGUATINGA SÁBADO;RUA ENG TOMAS WHATELY, 250,STO AMARO,SÃO PAULO
SÁBADO;70726;PETROPOLIS SÁBADO;RUA BELA VISTA, 602,VL UNIAO,SÃO PAULO
SÁBADO;70734;PIRAQUARA SÁBADO;RUA OTAVIO TARQUINIO DE SOUZA, 1319,PIRAQUARA,SÃO PAULO
SÁBADO;70742;SABARA SÁBADO;RUA JOAQUIM NEVES MONTEIRO, 228,STO AMARO,SÃO PAULO
DOMINGO;10472;JARDIM SAO VICENTE DOMINGO;AV PROF ASSIS VELOSO, 817,JD SAO VICENTE,SÃO PAULO
DOMINGO;10634;JARDIM HELENA DOMINGO;RUA CAMOMILA, 852,JD HELENA,SÃO PAULO
DOMINGO;11029;VILA MARA DOMINGO;RUA SAO GONCALO DO RIO DAS PEDRAS, 132,PQ PAULISTANO,SÃO PAULO
DOMINGO;11258;VILA ITAIM DOMINGO;RUA CACHOEIRA MANGAVAL, 37,ITAIM PAULISTA,SÃO PAULO
DOMINGO;11428;VILA PROGRESSO DOMINGO;RUA CRIUVA, 12E,VL PROGRESSO,SÃO PAULO
DOMINGO;11711;VILA JACUI DOMINGO;RUA TEJUGUACU, S/N,VL JACUI,SÃO PAULO
DOMINGO;12092;VILA NORMA DOMINGO;RUA GLICERIO RODRIGUES, S/N,VL NORMA,SÃO PAULO
DOMINGO;12203;SAO FRANCISCO DOMINGO;AV JOSE MARTINS LISBOA, S/N,SAO FRANCISCO,SÃO PAULO
TERÇA-FEIRA;30848;LIMOEIRO TERÇA-FEIRA;AV MANOEL DOS SANTOS BRAGA, 251,LIMOEIRO,SÃO PAULO
TERÇA-FEIRA;31100;JOSE NUNES TERÇA-FEIRA;AV PAU D'ARCO ROXO, 220,CID PEDRO JOSE NUNES,SÃO PAULO
TERÇA-FEIRA;31119;PARQUE SONIA TERÇA-FEIRA;RUA INAJA GUACU, S/N,VL PROGRESSO,SÃO PAULO
TERÇA-FEIRA;31240;JARDIM MAIA TERÇA-FEIRA;RUA FRANCISCO ANTONIO MEIRA, S/N,JD MAIA,SÃO PAULO
TERÇA-FEIRA;31429;VILA SILVESTRE TERÇA-FEIRA;AV ANTONIO BERNARDO SILVESTRE, S/N,VL SAO SILVESTRE,SÃO PAULO
QUARTA-FEIRA;40436;VILA JACUI QUARTA-FEIRA;RUA TSUTOMU HENNI, 717,VL JACUI,SÃO PAULO
QUARTA-FEIRA;40681;VILA HELENA QUARTA-FEIRA;RUA SANTA ROSA DE LIMA, 301,PQ PAULISTANO,SÃO PAULO
QUARTA-FEIRA;40720;CECILIA ITER QUARTA-FEIRA;AV MONS AGNELO, 305,VL PROGRESSO,SÃO PAULO
QUARTA-FEIRA;41068;JARDIM ROMANO QUARTA-FEIRA;RUA DIOGO GONCALVES LACO, 41,JD ROMANO,SÃO PAULO
QUINTA-FEIRA;50806;JARDIM VERA CRUZ QUINTA-FEIRA;AV MOACIR DANTAS ITAPICURU, 826,CID NOVA S MIGUEL,SÃO PAULO
QUINTA-FEIRA;50920;VILA NOEMIA QUINTA-FEIRA;RUA VISTOSA DE MADRE DE DEUS, 51,JD NOEMIA,SÃO PAULO
QUINTA-FEIRA;51055;JARDIM DAS CAMELIAS QUINTA-FEIRA;RUA LIRIO DA SERRA, 18,JD DAS CAMELIAS,SÃO PAULO
QUINTA-FEIRA;51489;JARDIM SAO MARTINHO QUINTA-FEIRA;AV BORBOLETA AMARELA, S/N,JD SAO MARTINHO,SÃO PAULO
SEXTA-FEIRA;60461;BAQUIRIVU SEXTA-FEIRA;RUA HELIO VESSONI, 95,VL SINHA,SÃO PAULO
SEXTA-FEIRA;60860;ITAPOA SEXTA-FEIRA;RUA OLEGARIO MACIEL, 19,JD SAO CARLOS,SÃO PAULO
SEXTA-FEIRA;61069;SAO MIGUEL SEXTA-FEIRA;RUA SILVIO CERVELLINI, 14,SAO MIGUEL,SÃO PAULO
SÁBADO;70688;JARDIM SANTANA SÁBADO;RUA FRUTO DO PARAISO, 12,JD SANTANA,SÃO PAULO
SÁBADO;70980;PARQUE CRUZEIRO DO SUL SÁBADO;RUA ANTONIO DE SIQUEIRA, 330,PQ CRUZEIRO DO SUL,SÃO PAULO
SÁBADO;71595;CHACARA TRES MENINAS SÁBADO;AV PEDROSO DA SILVA,CHAC TRES MENINAS,SÃO PAULO
SÁBADO;72184;VILA MONTE SANTO SÁBADO;RUA QUILOMBO DO AMBROSIO, S/N,VL MONTE SANTO,SÃO PAULO
DOMINGO;10014;THOMAZ DE LIMA DOMINGO;RUA TEIXEIRA LEITE, S/N,LIBERDADE,SÃO PAULO
DOMINGO;10030;VILA DEODORO DOMINGO;RUA INGLES DE SOUZA, 618,CAMBUCI,SÃO PAULO
DOMINGO;10111;SANTA CECILIA DOMINGO;RUA SEBASTIAO PEREIRA, 553,STA CECILIA,SÃO PAULO
DOMINGO;11304;PONTE PEQUENA DOMINGO;RUA GUAPORE, 210,PONTE PEQUENA,SÃO PAULO
DOMINGO;11541;CONSOLACAO DOMINGO;RUA MAJOR QUEDINHO, S/N,CONSOLACAO,SÃO PAULO
DOMINGO;11754;SANTA EFIGENIA DOMINGO;RUA DOS ANDRADAS, S/N,STA EFIGENIA,SÃO PAULO
DOMINGO;11924;ANHANGABAU DOMINGO;RUA SANTO AMARO, S/N,BELA VISTA,SÃO PAULO
TERÇA-FEIRA;30015;BELA VISTA TERÇA-FEIRA;RUA CARDEAL LEME, S/N,BELA VISTA,SÃO PAULO
TERÇA-FEIRA;30031;CAMBUCI TERÇA-FEIRA;RUA STEFANO, 657,CAMBUCI,SÃO PAULO
TERÇA-FEIRA;30040;SUMARE MODERNA TERÇA-FEIRA;PC CHARLES MULLER, S/N,PACAEMBU,SÃO PAULO
QUARTA-FEIRA;40010;SAO PAULO QUARTA-FEIRA;RUA DR PEDRO SEVERIANO, S/N,LIBERDADE,SÃO PAULO
QUARTA-FEIRA;40029;BATURITE QUARTA-FEIRA;RUA OLIVEIRA PEIXOTO, 79,ACLIMACAO,SÃO PAULO
QUARTA-FEIRA;41351;LIBERDADE/MODERNA QUARTA-FEIRA;RUA PANDIA CALOGERAS, S/N,LIBERDADE,SÃO PAULO
QUINTA-FEIRA;50016;FREI CANECA QUINTA-FEIRA;RUA HERCULANO DE FREITAS, 203,CERQUEIRA CEZAR,SÃO PAULO
QUINTA-FEIRA;50032;TIRADENTES QUINTA-FEIRA;RUA ANTONIO CORUJA, 67,BOM RETIRO,SÃO PAULO
QUINTA-FEIRA;50040;TEODORETO SOUTO QUINTA-FEIRA;RUA TEODORETO SOUTO, 957,CAMBUCI,SÃO PAULO
QUINTA-FEIRA;50091;SUMARE MODERNA QUINTA-FEIRA;PC CHARLES MULLER, S/N,PACAEMBU,SÃO PAULO
QUINTA-FEIRA;51373;PIO XII QUINTA-FEIRA;RUA PIO XII, S/N,BELA VISTA,SÃO PAULO
QUINTA-FEIRA;51624;FORTUNATO QUINTA-FEIRA;RUA MARTIM FRANCISCO, S/N,STA CECILIA,SÃO PAULO
SEXTA-FEIRA;60011;CAMBUCI SEXTA-FEIRA;RUA VITORIO EMANUEL, 312,CAMBUCI,SÃO PAULO
SEXTA-FEIRA;60020;ALCANTARA MACHADO SEXTA-FEIRA;RUA DOM BOSCO, 75,CAMBUCI,SÃO PAULO
SEXTA-FEIRA;60038;MARIA JOSE SEXTA-FEIRA;RUA MARIA JOSE, S/N,BELA VISTA,SÃO PAULO
SEXTA-FEIRA;60054;ANGELICA SEXTA-FEIRA;RUA MATO GROSSO, S/N,CONSOLACAO,SÃO PAULO
SEXTA-FEIRA;60089;PACAEMBU SEXTA-FEIRA;PC CHARLES MULLER, S/N,PACAEMBU,SÃO PAULO
SEXTA-FEIRA;60097;PERDIZES SEXTA-FEIRA;RUA CAMARAGIBE, 122,STA CECILIA,SÃO PAULO
SÁBADO;70025;ACLIMACAO SÁBADO;RUA LOUREIRO DA CRUZ, 1,ACLIMACAO,SÃO PAULO
SÁBADO;70041;VITORINO CAMILO SÁBADO;RUA ADOLFO GORDO, 29,BARRA FUNDA,SÃO PAULO
SÁBADO;70050;BOM RETIRO SÁBADO;RUA JARAGUA, S/N,BOM RETIRO,SÃO PAULO
SÁBADO;70629;SUMARE MODERNA SÁBADO;PC CHARLES MULLER, S/N,PACAEMBU,SÃO PAULO
SÁBADO;71471;LIBERDADE SÁBADO;RUA TAGUA, S/N,LIBERDADE,SÃO PAULO
SÁBADO;71625;PAMPLONA SÁBADO;AL RIO CLARO, S/N,CERQUEIRA CEZAR,SÃO PAULO
SÁBADO;72443;MERCADO CENTRAL ORGANICO SÁBADO;RUA CANTAREIRA,CENTRO,SÃO PAULO
DOMINGO;10456;SAO MATHEUS DOMINGO;RUA JOAQUIM GOUVEIA FRANCO, 173,CID SAO MATHEUS,SÃO PAULO
DOMINGO;11061;JARDIM ROSELI DOMINGO;RUA LUIZA DE JESUS FERREIRA, 30,JD ROSELI,SÃO PAULO
DOMINGO;11100;JARDIM PARAGUASSU DOMINGO;RUA DOURADOQUARA, S/N,JD PARAGUASSU,SÃO PAULO
DOMINGO;11312;OURO FINO DOMINGO;RUA LEONOR DE SIQUEIRA, 6,JD VERA CRUZ,SÃO PAULO
DOMINGO;11940;JARDIM VILA CARRAO I DOMINGO;AV BASSANO DEL GRAPA, S/N,JD VL CARRAO,SÃO PAULO
DOMINGO;12157;JARDIM SAO FRANCISCO DOMINGO;RUA MORRO DAS PEDRAS, S/N,JD SAO FRANCISCO,SÃO PAULO
DOMINGO;12670;CDHU JARDIM IGUATEMI DOMINGO;AV PONTE DA AMIZADE,JARDIM IGUATEMI,SÃO PAULO
TERÇA-FEIRA;30937;JARDIM ESTER TERÇA-FEIRA;AV MENDONCA E VASCONCELOS, 108,JD ESTER,SÃO PAULO
TERÇA-FEIRA;31070;RIBEIRAO DAS PEDRAS TERÇA-FEIRA;RUA ANGELO DE CANDIA, 359,JD NOVE DE JULHO,SÃO PAULO
TERÇA-FEIRA;31348;SANTA ADELIA TERÇA-FEIRA;RUA CACHOEIRA DE MINAS, S/N,JD STA ADELIA,SÃO PAULO
TERÇA-FEIRA;31496;SAO MATEUS TERÇA-FEIRA;RUA SERITINGA, S/N,SAO MATEUS,SÃO PAULO
TERÇA-FEIRA;31550;JARDIM AUGUSTO TERÇA-FEIRA;RUA HELIODORO PAIVA, 00S/N,JARD M AUGUSTO,SÃO PAULO
TERÇA-FEIRA;31577;JARDIM SANTO ANDRE TERÇA-FEIRA;RUA AFONSO FURTADO DE CASTRO,JARDIM SANTO ANDRE,SÃO PAULO
TERÇA-FEIRA;31623;JARDIM VERA CRUZ NOTURNA TERÇA-FEIRA;AV SAPOPEMBA,SAO MATEUS,SÃO PAULO
TERÇA-FEIRA;34010;VENEZA DO AMOR TERÇA-FEIRA;TV VENEZA DO AMOR, S/N,JD SAO JOSE,SÃO PAULO
QUARTA-FEIRA;40711;MARIA CURSI QUARTA-FEIRA;RUA DOMIZIANO ROSSI, 587,SAO MATEUS,SÃO PAULO
QUARTA-FEIRA;40932;JARDIM VERA CRUZ QUARTA-FEIRA;RUA PIRES CALEIRO, 205,JD VERA CRUZ,SÃO PAULO
QUARTA-FEIRA;40983;SAO RAFAEL QUARTA-FEIRA;RUA BENTO DO AMARAL DA SILVA, 14,PQ SAO RAFAEL,SÃO PAULO
QUARTA-FEIRA;41220;ENGENHO NOVO QUARTA-FEIRA;AV ENGENHO NOVO, S/N,JD TIETE,SÃO PAULO
QUARTA-FEIRA;41629;CIDADE SATELITE QUARTA-FEIRA;RUA PHOBUS, S/N,JD STA BARBARA,SÃO PAULO
QUINTA-FEIRA;50580;VILA IV CENTENARIO QUINTA-FEIRA;AV OURO VERDE DE MINAS,VL IV CENTENARIO,SÃO PAULO
QUINTA-FEIRA;51250;JARDIM IGUATEMI QUINTA-FEIRA;RUA CUBAS DE MENDONCA, S/N,JD IGUATEMI,SÃO PAULO
QUINTA-FEIRA;51632;CIDADE SAO MATEUS QUINTA-FEIRA;RUA MARIA LUIZA DO VAL PENTEADO, S/N,CID SAO MATEUS,SÃO PAULO
QUINTA-FEIRA;51705;JARDIM VILA NOVA CARRAO QUINTA-FEIRA;AV MARIANA DE SOUZA GUERRA, S/N,JD VL NOVA CARRAO,SÃO PAULO
QUINTA-FEIRA;51713;JD.BOA ESPERANCA QUINTA-FEIRA;RUA IGUPIARA, S/N,JD BOA ESPERANCA,SÃO PAULO
QUINTA-FEIRA;51829;SAO MATEUS QUINTA-FEIRA;RUA MINISTRO LUIZ SPARANO,JARDIM SANTA ADELIA,SÃO PAULO
SEXTA-FEIRA;60526;JARDIM SANTA ADELIA SEXTA-FEIRA;RUA URSA MENOR, 286,JD STA ADELIA,SÃO PAULO
SEXTA-FEIRA;61000;MATEO BEI SEXTA-FEIRA;RUA OSVALDO NEVOLA, S/N,SAO MATHEUS,SÃO PAULO
SEXTA-FEIRA;61557;JARDIM NOVE DE JULHO SEXTA-FEIRA;RUA DAS CAPITANIAS, S/N,JD NOVE DE JULHO,SÃO PAULO
SÁBADO;70661;PARQUE SAO RAFAEL SÁBADO;RUA JOAO DO CANTO E MELO, 671,PQ SAO RAFAEL,SÃO PAULO
SÁBADO;70831;PARQUE BOA ESPERANCA SÁBADO;RUA DIOGO GARCIA, 283,JD PLANALTO,SÃO PAULO
SÁBADO;71005;JARDIM SANTO ANDRE SÁBADO;RUA DUARTE TEIXEIRA CHAVES, S/N,JD STO ANDRE,SÃO PAULO
SÁBADO;72095;JARDIM DAS LARANJEIRAS SÁBADO;RUA MARIA GARCIA BETIM, S/N,JD DAS LARANJEIRAS,SÃO PAULO
SÁBADO;72567;JARDIM SANTA ADELIA SÁBADO;RUA CACHOEIRA DE MINAS,SAO MATEUS,SÃO PAULO
SÁBADO;72699;FEIRA DA AGRICULTURA LIMPA SÁBADO;AV AFONSO PENTEADO, 00055,PQ DO CARMO,SÃO PAULO
SÁBADO;72702;FEIRA DA ECONOMIA SOLIDARIA SÁBADO;AV MATEO BEI, 03164,SAO MATEUS,SÃO PAULO
DOMINGO;10103;GUANABARA DOMINGO;RUA CEL OSCAR PORTO, 629,PARAISO,SÃO PAULO
DOMINGO;10170;INDIANOPOLIS DOMINGO;AV LAVANDISCA, 644,MOEMA,SÃO PAULO
DOMINGO;10286;BOSQUE DOMINGO;RUA CARNEIRO DA CUNHA, S/N,VL DA SAUDE,SÃO PAULO
DOMINGO;10421;JORGE TIBIRICA DOMINGO;RUA JUREIA, S/N,STA CRUZ,SÃO PAULO
DOMINGO;10588;DR BACELAR DOMINGO;RUA DRA NEYDE APPARECIDA SOLLITO, S/N,VL CLEMENTINO,SÃO PAULO
TERÇA-FEIRA;30058;ACLIMACAO TERÇA-FEIRA;RUA GUIMARAES PASSOS, 304,ACLIMACAO,SÃO PAULO
TERÇA-FEIRA;30090;IBIRAPUERA TERÇA-FEIRA;RUA JOINVILLE, 323,IBIRAPUERA,SÃO PAULO
TERÇA-FEIRA;30171;VILA NOVA CONCEICAO TERÇA-FEIRA;RUA MARCOS LOPES, 345,VL NOVA CONCEICAO,SÃO PAULO
TERÇA-FEIRA;30180;MIRANDOPOLIS TERÇA-FEIRA;RUA AFONSO CELSO, 1426,VL MARIANA,SÃO PAULO
TERÇA-FEIRA;30201;BARTIRA TERÇA-FEIRA;AL DOS ARAES, 1758,PLANALTO PAULISTA,SÃO PAULO
TERÇA-FEIRA;30210;PLANALTO PAULISTA TERÇA-FEIRA;AV JOSE MARIA WITAKER, 1121,PLANALTO PAULISTA,SÃO PAULO
TERÇA-FEIRA;30228;IBITURUNA TERÇA-FEIRA;RUA PARACATU, 1053,SAO JUDAS,SÃO PAULO
TERÇA-FEIRA;31453;CHACARA KLABIM TERÇA-FEIRA;RUA VOLTAIRE, S/N,JD VL MARIANA,SÃO PAULO
QUARTA-FEIRA;40070;JARDIM DA GLORIA QUARTA-FEIRA;RUA PROFESSOR MACEDO SOARES, 276,JD DA GLORIA,SÃO PAULO
QUARTA-FEIRA;40088;AMBROSINA QUARTA-FEIRA;RUA ECA DE QUEIROZ, 374,VL MARIANA,SÃO PAULO
QUARTA-FEIRA;40240;PAVAO QUARTA-FEIRA;AV BENTEVI, 104,INDIANOPOLIS,SÃO PAULO
QUARTA-FEIRA;40460;INDIANOPOLIS QUARTA-FEIRA;AL AGOSTINHO RODRIGUES FILHO, 363,V L MARIANA,SÃO PAULO
QUARTA-FEIRA;41009;IMIGRANTES QUARTA-FEIRA;RUA MAJOR FREIRE, 565,JABAQUARA,SÃO PAULO
QUARTA-FEIRA;41548;PRACA DA ARVORE QUARTA-FEIRA;RUA CARAMURU, S/N,BOSQUE DA SAUDE,SÃO PAULO
QUINTA-FEIRA;50121;VILA CLEMENTINO QUINTA-FEIRA;RUA CEL LISBOA, S/N,PLANALTO PAULISTA,SÃO PAULO
QUINTA-FEIRA;50318;JABAQUARA QUINTA-FEIRA;AV CECI, S/N,PLANALTO PAULISTA,SÃO PAULO
SEXTA-FEIRA;60070;ALCINO BRAGA SEXTA-FEIRA;RUA ALCINO BRAGA, 219,PARAISO,SÃO PAULO
SEXTA-FEIRA;60100;ANDRE BOTELHO SEXTA-FEIRA;RUA MARIZ E BARROS, 316,ACLIMACAO,SÃO PAULO
SEXTA-FEIRA;60135;GANDAVO SEXTA-FEIRA;RUA GANDAVO, S/N,VL MARIANA,SÃO PAULO
SEXTA-FEIRA;60178;ALTINO ARANTES SEXTA-FEIRA;RUA JOSE MARIA WITAKER, S/N,SAUDE,SÃO PAULO
SEXTA-FEIRA;60267;VILA HELENA SEXTA-FEIRA;AL DOS ANAPURUS, S/N,VL HELENA,SÃO PAULO
SEXTA-FEIRA;60488;VERGUEIRO SEXTA-FEIRA;RUA CONCEICAO VELOSO, S/N,VL MARIANA,SÃO PAULO
SEXTA-FEIRA;61417;FEIRAO DA ECONOMIA DE MOEMA SEXTA-FEIRA;TV JORNALISTA OTAVIO MUNIZ, S/N,MOEMA,SÃO PAULO
SEXTA-FEIRA;63509;ACLIMACAO SEXTA-FEIRA;RUA ENG LUIZ GOMES,ACLIMACAO,SÃO PAULO
SÁBADO;70068;JOAQUIM TAVORA SÁBADO;RUA FRANCA PINTO, S/N,VL MARIANA,SÃO PAULO
SÁBADO;70483;IRERE SÁBADO;AV JOSE MARIA WITAKER, S/N,VL CLEMENTINO,SÃO PAULO
SÁBADO;70670;REPUBLICA DO LIBANO SÁBADO;RUA DIOGO JACOME, 291,IBIRAPUERA,SÃO PAULO
SÁBADO;71269;PRACA DA ARVORE SÁBADO;RUA GUIRATINGA, S/N,CHAC INGLESA,SÃO PAULO
SÁBADO;71439;PLANALTO PAULISTA II SÁBADO;AV JOSE MARIA WITAKER, S/N,PLANALTO PAULISTA,SÃO PAULO
SÁBADO;71480;BRIGADEIRO SÁBADO;RUA CHRIS TRONBJERG, S/N,PARAISO,SÃO PAULO
SÁBADO;72710;PARQUE IBIRAPUERA SÁBADO;PC EISENHOWER,FAZENDA JUTA,SÃO PAULO
DOMINGO;10243;VILA MEDEIROS DOMINGO;RUA ATALIBA VIEIRA, 223,MEDEIROS,SÃO PAULO
DOMINGO;10251;ALTO DE VILA MARIA DOMINGO;RUA KANEDA, 304,JD JAPAO,SÃO PAULO
DOMINGO;10600;CRISTOVAM LINS DOMINGO;RUA LUCIANO BROINIZZI, 191,VL EDE,SÃO PAULO
DOMINGO;11525;COHAB FERNAO DIAS DOMINGO;RUA COMBATE LAGOA BRANCA,VL SABRINA,SÃO PAULO
DOMINGO;12602;CENTER NORTE DOMINGO;RUA ANNA PAPINI GUARANHA,CARANDIRU,SÃO PAULO
TERÇA-FEIRA;30147;VILA GUILHERME TERÇA-FEIRA;RUA ALFREDO MARIO PIZZOTTI, 370,VL GUILHERME,SÃO PAULO
TERÇA-FEIRA;30252;VILA MAZZEI TERÇA-FEIRA;RUA QUEDAS, 567,VL MAZZEI,SÃO PAULO
TERÇA-FEIRA;30260;VILA MUNHOZ TERÇA-FEIRA;PC OSCAR DA SILVA, 394,VL GUILHERME,SÃO PAULO
TERÇA-FEIRA;30295;VILA BOSCHETTI TERÇA-FEIRA;AV BOSCHETTI, 234,VL GUSTAVO,SÃO PAULO
TERÇA-FEIRA;30309;PRACA VISTA ALEGRE TERÇA-FEIRA;AV BENEDITO ESTEVAO DOS SANTOS, 1227,VL MARIA,SÃO PAULO
QUARTA-FEIRA;40266;PRACA NIPON QUARTA-FEIRA;RUA OSAKA, 848,JD JAPAO,SÃO PAULO
QUARTA-FEIRA;40312;VILA MARIA QUARTA-FEIRA;RUA MOREIRA DE VASCONCELOS, 196,VL MARIA,SÃO PAULO
QUARTA-FEIRA;40673;CENTRAL QUARTA-FEIRA;RUA ANTENOR NAVARRO, 414,JD BRASIL,SÃO PAULO
QUARTA-FEIRA;41840;VILA ELISA QUARTA-FEIRA;RUA DOS GUARINOS,VILA ELISA,SÃO PAULO
QUINTA-FEIRA;50237;JACUNA QUINTA-FEIRA;RUA GUARACININGA, 193,VL GUILHERME,SÃO PAULO
QUINTA-FEIRA;50245;VILA PAIVA QUINTA-FEIRA;RUA CATAPARA, 207,VL GUILHERME,SÃO PAULO
QUINTA-FEIRA;50474;PRACA 57 QUINTA-FEIRA;AV ALBERTO BYINGTON, 496,VL MARIA,SÃO PAULO
QUINTA-FEIRA;50610;SANTO ELISIO QUINTA-FEIRA;RUA SOLD JOSE VICENTE DE PAULA, 196,VL MARIA,SÃO PAULO
QUINTA-FEIRA;51330;VILA ALEGRIA QUINTA-FEIRA;AV ROLAND GARROS,VL EDE,SÃO PAULO
QUINTA-FEIRA;51543;VILA MEDEIROS QUINTA-FEIRA;RUA GEOLANDIA, S/N,VL MEDEIROS,SÃO PAULO
SEXTA-FEIRA;60143;VILA ELZA SEXTA-FEIRA;RUA ANDARAI, 755,VL MARIA,SÃO PAULO
SEXTA-FEIRA;60232;GUARINOS SEXTA-FEIRA;RUA SANTO ANTONIO DE LISBOA, 543,VL EDE,SÃO PAULO
SEXTA-FEIRA;60410;VILA SABRINA SEXTA-FEIRA;RUA GEOLANDIA, 1236A,VL SABRINA,SÃO PAULO
SEXTA-FEIRA;63703;VILA MARIA SEXTA-FEIRA;PC GOMES FIGUEIREDO,VILA MARIA,SÃO PAULO
SÁBADO;70122;VILA GUILHERME SÁBADO;RUA MARIETA DA SILVA, 112,VL GUILHERME,SÃO PAULO
SÁBADO;70130;VILA MARIA SÁBADO;RUA ARARITAGUABA, 454,VL MARIA BAIXA,SÃO PAULO
SÁBADO;70220;VILA MEDEIROS SÁBADO;RUA SANTA FE DO SUL, 288,VL MARIA,SÃO PAULO
SÁBADO;70459;JARDIM BRASIL SÁBADO;RUA PAULINO DE BRITO, 770,JD BRASIL,SÃO PAULO
SÁBADO;70475;PARQUE NOVO MUNDO SÁBADO;AL SUB TENENTE FRANCISCO HIERRO, 351,PQ NOVO MUNDO,SÃO PAULO
DOMINGO;10120;VILA PRUDENTE DOMINGO;RUA JOSE ZAPPI,VL PRUDENTE,SÃO PAULO
DOMINGO;10162;VILA ALPINA DOMINGO;RUA DR VICENTE GIACAGLINI,VL BELA,SÃO PAULO
DOMINGO;10332;PARQUE SAO LUCAS DOMINGO;RUA CARLOS CESAR, S/N,VL DIVINA PASTORA,SÃO PAULO
DOMINGO;10502;TOLSTOI DOMINGO;RUA DR TOLSTOI DE CARVALHO,SAPOPEMBA,SÃO PAULO
DOMINGO;10758;PARQUE SANTA MADALENA DOMINGO;RUA ALM OTACILIO CUNHA,PQ STA MADALENA,SÃO PAULO
DOMINGO;10952;JARDIM ELBA DOMINGO;RUA TOME DA ROCHA, 31,JD ELBA,SÃO PAULO
DOMINGO;11550;COHAB SAPOPEMBA I DOMINGO;AV ARQUITETO VL NOVA ARTIGAS, S/N,SAPOPEMBA,SÃO PAULO
DOMINGO;12378;JARDIM NOVA SAPOPEMBA DOMINGO;RUA CARLO COCCIA,JD NOVA SAPOPEMBA,SÃO PAULO
TERÇA-FEIRA;30562;FLOR DO MORRO TERÇA-FEIRA;RUA CATUABA, 317,VL ALPINA,SÃO PAULO
TERÇA-FEIRA;30570;JARDIM TIALHA TERÇA-FEIRA;RUA PINTO DA LUZ, 329,JD TIALHA,SÃO PAULO
TERÇA-FEIRA;30619;PARQUE SAO LUCAS TERÇA-FEIRA;RUA DOMINGOS PIRES BRITO, S/N,PQ SAO LUCAS,SÃO PAULO
TERÇA-FEIRA;30805;COLORADO TERÇA-FEIRA;RUA PEDRO VITORATO, 474,JD COLORADO,SÃO PAULO
TERÇA-FEIRA;30970;JARDIM PLANALTO TERÇA-FEIRA;RUA RIO HIPIAUGUI, 150,JD PLANALTO,SÃO PAULO
TERÇA-FEIRA;31127;JARDIM SAPOPEMBA TERÇA-FEIRA;RUA JOAO LOPES DE LIMA, 300,JD SAPOPEMBA,SÃO PAULO
QUARTA-FEIRA;40452;PRACA SANTA HELENA QUARTA-FEIRA;RUA JOSE DOS REIS, 909,VL ZELINA,SÃO PAULO
QUARTA-FEIRA;40479;VILA BELA QUARTA-FEIRA;RUA PITINGA, 396,VL BELA,SÃO PAULO
QUARTA-FEIRA;40606;ANA CLARA QUARTA-FEIRA;RUA PASCOAL RANIERI MAZILI, 650,VL ANA CLARA,SÃO PAULO
QUARTA-FEIRA;40649;VILA EMA QUARTA-FEIRA;RUA PDE PEDRO MAGNONI, 511,VL EMA,SÃO PAULO
QUARTA-FEIRA;40843;PAULICEIA QUARTA-FEIRA;RUA HILEIA AMAZONICA, 420,JD GUAIRACA,SÃO PAULO
QUARTA-FEIRA;41190;INDEPENDENCIA QUARTA-FEIRA;RUA ERNESTO DOS SANTOS, S/N,JD INDEPENDENCIA,SÃO PAULO
QUARTA-FEIRA;41238;COHAB SAPOPEMBA QUARTA-FEIRA;RUA WALTER RUMMEL,SAPOPEMBA,SÃO PAULO
QUARTA-FEIRA;44008;SAPOPEMBA QUARTA-FEIRA;RUA ADUTORA DO RIO CLARO,VILA REGENTE FEIJO,SÃO PAULO
QUARTA-FEIRA;44016;FAZENDA DA JUTA QUARTA-FEIRA;AV TRES CRUZAMENTOS,FAZENDA JUTA,SÃO PAULO
QUINTA-FEIRA;50350;PARQUE SAO LUCAS QUINTA-FEIRA;RUA DR JOSE CASSIO SOARES, 521,PQ SAO LUCAS,SÃO PAULO
QUINTA-FEIRA;50490;VILA CALIFORNIA QUINTA-FEIRA;AV MATA MACHADO,VL CALIFORNIA,SÃO PAULO
QUINTA-FEIRA;50563;VILA DIVA QUINTA-FEIRA;RUA SOLIDONIO LEITE, 131,VL DIVA,SÃO PAULO
QUINTA-FEIRA;50636;SAPOPEMBA QUINTA-FEIRA;RUA GAL PORFIRIO DA PAZ, 371,JD GRIMALDI,SÃO PAULO
QUINTA-FEIRA;50792;MASCARENHAS DE MORAES QUINTA-FEIRA;RUA TTE GODOFREDO CERQUEIRA LEITE, 213,JD SAPOPEMBA,SÃO PAULO
QUINTA-FEIRA;50997;RIO CLARO QUINTA-FEIRA;AV LOURIVAL FONTES, 342,JD PLANALTO,SÃO PAULO
QUINTA-FEIRA;51187;SERRA DE CAPIVARUCU QUINTA-FEIRA;RUA AGUIAS REAIS, S/N,JD ELBA,SÃO PAULO
SEXTA-FEIRA;60356;VILA CELESTE SEXTA-FEIRA;RUA PIANCO, 219,VL CELESTE,SÃO PAULO
SEXTA-FEIRA;60380;VILA ZELINA SEXTA-FEIRA;RUA INHAGAPI, 275,VL ZELINA,SÃO PAULO
SEXTA-FEIRA;60518;VILA GUARANI SEXTA-FEIRA;RUA JOAO RODRIGUES PIRES, 680,VL GUARANI,SÃO PAULO
SEXTA-FEIRA;60607;JARDIM INDEPENDENCIA SEXTA-FEIRA;RUA SECUNDINO DOMINGUES, 770,VL PRUDENTE,SÃO PAULO
SEXTA-FEIRA;60917;AMAZONIA SEXTA-FEIRA;RUA NUBIA,VL TOLSTOI,SÃO PAULO
SEXTA-FEIRA;60950;MARIA TEREZA SEXTA-FEIRA;RUA SERRA DE ITABAIANA, 87,PQ STA MADALENA,SÃO PAULO
SEXTA-FEIRA;61140;IGUACU SEXTA-FEIRA;RUA JOSE DOMINGUES DE PONTES, 5,JD ANGELA,SÃO PAULO
SÁBADO;70157;QUINTA DAS PAINEIRAS SÁBADO;RUA SAO LUIS DO PARAITINGA, 24,VL ZELINA,SÃO PAULO
SÁBADO;70297;VILA BELEM SÁBADO;RUA ADUTORA DO RIO CLARO, 307,SAPOPEMBA,SÃO PAULO
SÁBADO;70416;VILA REUNIDAS SÁBADO;AV MORAIS COSTA, 1050,VL REUNIDAS,SÃO PAULO
SÁBADO;70904;JARDIM GRIMALDI SÁBADO;RUA JOSE JOAQUIM, 253,JD GRIMALDI,SÃO PAULO
SÁBADO;71080;FAZENDA DA JUTA SÁBADO;RUA VICTORIA MARCONATO ZONTA, 5,JD SAPOPEMBA,SÃO PAULO
SÁBADO;71137;VILA PAULO SILAS SÁBADO;RUA ANTONIO FONTOURA XAVIER,VL PAULO SILAS,SÃO PAULO
SÁBADO;71331;COHAB SAPOPEMBA I SÁBADO;RUA FELICI TOSI, S/N,SAPOPEMBA,SÃO PAULO
;;;
;;;
;;;
;;;
;;;
;;;
;;;
;;;
;;;
;;;
;;;
;;;
;;;
;;;
;;;
;;;
;;;
;;;
;;;
;;;
;;;
;;;
;;;
;;;
;;;
;;;
;;;
;;;
;;;
;;;
;;;
;;;
;;;
;;;
;;;
;;;
;;;
;;;
;;;
;;;
;;;
;;;
;;;
;;;
;;;
;;;
;;;
;;;
;;;
;;;
;;;
;;;
;;;
;;;
;;;
;;;
;;;
;;;
;;;
;;;
;;;
;;;
;;;
;;;
;;;
;;;
;;;
;;;
;;;
;;;
;;;
;;;
;;;
;;;
;;;
;;;
;;;
;;;
;;;
;;;
;;;
;;;
;;;
;;;
;;;
;;;
;;;
;;;
;;;
;;;
;;;
;;;
;;;
;;;
;;;
;;;
;;;
;;;
;;;
;;;
;;;
;;;
;;;
;;;
;;;
;;;
;;;
;;;
;;;
;;;
;;;
;;;
;;;
;;;
;;;
;;;
;;;
;;;
;;;
;;;
;;;
;;;
;;;
;;;
;;;
;;;
;;;
;;;